-- phpMyAdmin SQL Dump
-- version 4.9.0.1
-- https://www.phpmyadmin.net/
--
-- Host: 127.0.0.1
-- Generation Time: Jun 21, 2022 at 09:39 AM
-- Server version: 10.3.16-MariaDB
-- PHP Version: 7.3.7

SET SQL_MODE = "NO_AUTO_VALUE_ON_ZERO";
SET AUTOCOMMIT = 0;
START TRANSACTION;
SET time_zone = "+00:00";


/*!40101 SET @OLD_CHARACTER_SET_CLIENT=@@CHARACTER_SET_CLIENT */;
/*!40101 SET @OLD_CHARACTER_SET_RESULTS=@@CHARACTER_SET_RESULTS */;
/*!40101 SET @OLD_COLLATION_CONNECTION=@@COLLATION_CONNECTION */;
/*!40101 SET NAMES utf8mb4 */;

--
-- Database: `school1`
--

-- --------------------------------------------------------

--
-- Table structure for table `academic_syllabus`
--

CREATE TABLE `academic_syllabus` (
  `academic_syllabus_id` int(11) NOT NULL,
  `academic_syllabus_code` longtext COLLATE utf8_unicode_ci NOT NULL,
  `school_id` int(11) NOT NULL,
  `title` longtext COLLATE utf8_unicode_ci NOT NULL,
  `description` longtext COLLATE utf8_unicode_ci NOT NULL,
  `class_id` int(11) NOT NULL,
  `uploader_type` longtext COLLATE utf8_unicode_ci NOT NULL,
  `uploader_id` int(11) NOT NULL,
  `year` longtext COLLATE utf8_unicode_ci NOT NULL,
  `timestamp` longtext COLLATE utf8_unicode_ci NOT NULL,
  `file_name` longtext COLLATE utf8_unicode_ci NOT NULL,
  `subject_id` int(11) DEFAULT NULL
) ENGINE=InnoDB DEFAULT CHARSET=utf8 COLLATE=utf8_unicode_ci;

-- --------------------------------------------------------

--
-- Table structure for table `admin`
--

CREATE TABLE `admin` (
  `admin_id` int(11) NOT NULL,
  `school_id` int(11) NOT NULL,
  `name` longtext COLLATE utf8_unicode_ci NOT NULL,
  `email` longtext COLLATE utf8_unicode_ci DEFAULT NULL,
  `password` longtext COLLATE utf8_unicode_ci DEFAULT NULL,
  `level` int(11) NOT NULL DEFAULT 1
) ENGINE=InnoDB DEFAULT CHARSET=utf8 COLLATE=utf8_unicode_ci;

--
-- Dumping data for table `admin`
--

INSERT INTO `admin` (`admin_id`, `school_id`, `name`, `email`, `password`, `level`) VALUES
(1, 1, 'Awal Sulemana', NULL, NULL, 1),
(8, 1, 'awal adam', NULL, NULL, 1),
(9, 2, 'Adam Hambal', NULL, NULL, 1);

-- --------------------------------------------------------

--
-- Table structure for table `attendance`
--

CREATE TABLE `attendance` (
  `attendance_id` int(11) NOT NULL,
  `school_id` int(11) NOT NULL,
  `date` varchar(50) COLLATE utf8_unicode_ci NOT NULL,
  `year` longtext COLLATE utf8_unicode_ci NOT NULL,
  `class_id` int(11) NOT NULL,
  `section_id` int(10) NOT NULL DEFAULT 0,
  `student_id` varchar(50) COLLATE utf8_unicode_ci NOT NULL,
  `class_routine_id` int(11) NOT NULL DEFAULT 0,
  `status` int(11) NOT NULL DEFAULT 0 COMMENT '0(undefined) 1(present) 2(absent)'
) ENGINE=InnoDB DEFAULT CHARSET=utf8 COLLATE=utf8_unicode_ci;

--
-- Dumping data for table `attendance`
--

INSERT INTO `attendance` (`attendance_id`, `school_id`, `date`, `year`, `class_id`, `section_id`, `student_id`, `class_routine_id`, `status`) VALUES
(1, 1, '2016-7-12', '2016-2017', 1, 1, '01/2018/001/1', 0, 1),
(2, 1, '2016-7-12', '2016-2017', 1, 2, '01/2018/001/2', 0, 1),
(3, 1, '2016-7-13', '2016-2017', 1, 1, '01/2018/001/1', 0, 0),
(4, 1, '2016-7-13', '2016-2017', 1, 2, '01/2018/001/2', 0, 0),
(5, 1, '2016-8-27', '2016-2017', 1, 1, '01/2018/001/1', 0, 1),
(6, 1, '2016-9-8', '2016-2017', 1, 1, '01/2018/001/1', 0, 1);

-- --------------------------------------------------------

--
-- Table structure for table `book`
--

CREATE TABLE `book` (
  `book_id` int(11) NOT NULL,
  `school_id` int(11) NOT NULL,
  `name` longtext COLLATE utf8_unicode_ci NOT NULL,
  `description` longtext COLLATE utf8_unicode_ci NOT NULL,
  `author` longtext COLLATE utf8_unicode_ci NOT NULL,
  `class_id` longtext COLLATE utf8_unicode_ci NOT NULL,
  `status` longtext COLLATE utf8_unicode_ci NOT NULL,
  `price` longtext COLLATE utf8_unicode_ci NOT NULL
) ENGINE=InnoDB DEFAULT CHARSET=utf8 COLLATE=utf8_unicode_ci;

-- --------------------------------------------------------

--
-- Table structure for table `ci_sessions`
--

CREATE TABLE `ci_sessions` (
  `id` varchar(40) COLLATE utf8_unicode_ci NOT NULL,
  `ip_address` varchar(45) COLLATE utf8_unicode_ci NOT NULL,
  `timestamp` int(10) UNSIGNED NOT NULL DEFAULT 0,
  `data` blob NOT NULL
) ENGINE=InnoDB DEFAULT CHARSET=utf8 COLLATE=utf8_unicode_ci;

--
-- Dumping data for table `ci_sessions`
--

INSERT INTO `ci_sessions` (`id`, `ip_address`, `timestamp`, `data`) VALUES
('04bsuoq7dpt79g79icai7hh535', '::1', 1570343953, 0x5f5f63695f6c6173745f726567656e65726174657c693a313537303334333935333b63757272656e745f6c616e67756167657c733a373a22656e676c697368223b),
('0r0tcefb1vqbmju3cqvfmulvq0', '::1', 1570343589, 0x5f5f63695f6c6173745f726567656e65726174657c693a313537303334333538393b63757272656e745f6c616e67756167657c733a373a22656e676c697368223b),
('12dcc44f54bc1f2324b9b2535e1c636ca36898f1', '::1', 1537320343, 0x5f5f63695f6c6173745f726567656e65726174657c693a313533373332303330333b63757272656e745f6c616e67756167657c733a373a22656e676c697368223b),
('2ct7ll2u3mfqful7a02nue7mjl', '::1', 1570052646, 0x5f5f63695f6c6173745f726567656e65726174657c693a313537303035323634363b63757272656e745f6c616e67756167657c733a373a22656e676c697368223b),
('3439d28d220b5b37b69995353a85f258ca733ea3', '::1', 1546367437, 0x5f5f63695f6c6173745f726567656e65726174657c693a313534363336373431313b63757272656e745f6c616e67756167657c733a373a22656e676c697368223b61646d696e5f6c6f67696e7c733a313a2231223b61646d696e5f69647c733a313a2238223b6c6f67696e5f757365725f69647c733a313a2238223b6c6f67696e5f747970657c733a353a2261646d696e223b7363686f6f6c7c733a313a2231223b72756e6e696e675f796561727c733a393a22323031362d32303137223b),
('38e92cf080a17333ab79a2bb31763356a45c0774', '::1', 1537035210, 0x5f5f63695f6c6173745f726567656e65726174657c693a313533373033353230393b63757272656e745f6c616e67756167657c733a373a22656e676c697368223b),
('3a09047ad73973cf1419c12b06f1c005280c8dcb', '::1', 1531720429, 0x5f5f63695f6c6173745f726567656e65726174657c693a313533313732303234363b63757272656e745f6c616e67756167657c733a373a22656e676c697368223b),
('3b57989cf31c9714110ababc3fdf492ee8d27541', '::1', 1546367410, 0x5f5f63695f6c6173745f726567656e65726174657c693a313534363336373431303b63757272656e745f6c616e67756167657c733a373a22656e676c697368223b),
('3lltbo01lamcjcu75emfg3l4ik', '::1', 1570343668, 0x5f5f63695f6c6173745f726567656e65726174657c693a313537303334333636383b63757272656e745f6c616e67756167657c733a373a22656e676c697368223b),
('45baaa4a78e531c648e63248f324a685484a8091', '::1', 1546360595, 0x5f5f63695f6c6173745f726567656e65726174657c693a313534363336303539353b63757272656e745f6c616e67756167657c733a373a22656e676c697368223b61646d696e5f6c6f67696e7c733a313a2231223b61646d696e5f69647c733a313a2238223b6c6f67696e5f757365725f69647c733a313a2238223b6c6f67696e5f747970657c733a353a2261646d696e223b7363686f6f6c7c733a313a2231223b72756e6e696e675f796561727c733a393a22323031362d32303137223b),
('4eihh7313a57u1dmigi9a1ohhe', '::1', 1570052493, 0x5f5f63695f6c6173745f726567656e65726174657c693a313537303035323439323b63757272656e745f6c616e67756167657c733a373a22656e676c697368223b),
('4hfm6m4s939sudkqnd1fjj7lvt', '::1', 1570343609, 0x61646d696e5f6c6f67696e7c733a313a2231223b61646d696e5f69647c733a313a2231223b6c6f67696e5f757365725f69647c733a313a2231223b6c6f67696e5f747970657c733a353a2261646d696e223b7363686f6f6c7c733a313a2231223b72756e6e696e675f796561727c733a393a22323031362d32303137223b),
('572fg9u1s4sojssldftdsbsj65', '::1', 1570366415, 0x61646d696e5f6c6f67696e7c733a313a2231223b61646d696e5f69647c733a313a2231223b6c6f67696e5f757365725f69647c733a313a2231223b6c6f67696e5f747970657c733a353a2261646d696e223b7363686f6f6c7c733a313a2231223b72756e6e696e675f796561727c733a393a22323031362d32303137223b),
('5da013e65bca2df91b8143182a66fab0c04a3600', '::1', 1545639664, 0x5f5f63695f6c6173745f726567656e65726174657c693a313534353633393532383b63757272656e745f6c616e67756167657c733a373a22656e676c697368223b),
('5dbc71f2070d5bad727a53699851868ae83e052c', '::1', 1540065858, 0x5f5f63695f6c6173745f726567656e65726174657c693a313534303036353739393b63757272656e745f6c616e67756167657c733a373a22656e676c697368223b61646d696e5f6c6f67696e7c733a313a2231223b61646d696e5f69647c733a313a2231223b6c6f67696e5f757365725f69647c733a313a2231223b6c6f67696e5f747970657c733a353a2261646d696e223b7363686f6f6c7c733a313a2231223b72756e6e696e675f796561727c733a393a22323031362d32303137223b),
('5kjhuit2ovqc431nu5b19bq8e1', '::1', 1570052304, 0x5f5f63695f6c6173745f726567656e65726174657c693a313537303035323330343b63757272656e745f6c616e67756167657c733a373a22656e676c697368223b),
('5o241s27oacfmp7tnq0jiuv50h', '::1', 1570343926, 0x5f5f63695f6c6173745f726567656e65726174657c693a313537303334333932363b63757272656e745f6c616e67756167657c733a373a22656e676c697368223b),
('6brvcgc7gnghf5ifpvh122m6sr', '::1', 1570051299, 0x5f5f63695f6c6173745f726567656e65726174657c693a313537303035313239393b63757272656e745f6c616e67756167657c733a373a22656e676c697368223b),
('6c2bc0f2ae4efdf882d63c606e0033e503b78e9c', '::1', 1540066327, 0x5f5f63695f6c6173745f726567656e65726174657c693a313534303036363331343b),
('76949ia6h2epropccvl8njn1rk', '::1', 1570051277, ''),
('7r3r8u6e7q0up68090bphh9qkf', '::1', 1570051222, 0x5f5f63695f6c6173745f726567656e65726174657c693a313537303035313232323b63757272656e745f6c616e67756167657c733a373a22656e676c697368223b),
('8dt6ag8mklot5f4oino6m0srhg', '::1', 1570343837, 0x5f5f63695f6c6173745f726567656e65726174657c693a313537303334333833373b63757272656e745f6c616e67756167657c733a373a22656e676c697368223b),
('8k5hqilh5256ceuqc26ndon6er', '::1', 1570343815, 0x5f5f63695f6c6173745f726567656e65726174657c693a313537303334333831353b63757272656e745f6c616e67756167657c733a373a22656e676c697368223b),
('9a6c62htuvtvf2eqehi9ggsp7u', '::1', 1570053963, 0x61646d696e5f6c6f67696e7c733a313a2231223b61646d696e5f69647c733a313a2231223b6c6f67696e5f757365725f69647c733a313a2231223b6c6f67696e5f747970657c733a353a2261646d696e223b7363686f6f6c7c733a313a2231223b72756e6e696e675f796561727c733a393a22323031362d32303137223b),
('9d31780ddf5939b410c7e3ab29bee759783383f1', '::1', 1534504685, 0x5f5f63695f6c6173745f726567656e65726174657c693a313533343530343638353b63757272656e745f6c616e67756167657c733a373a22656e676c697368223b),
('aj1pe1h2q8435lt0ltmb6npmpm', '::1', 1570343695, 0x61646d696e5f6c6f67696e7c733a313a2231223b61646d696e5f69647c733a313a2231223b6c6f67696e5f757365725f69647c733a313a2231223b6c6f67696e5f747970657c733a353a2261646d696e223b7363686f6f6c7c733a313a2231223b72756e6e696e675f796561727c733a393a22323031362d32303137223b),
('b03e27517c757adb30d40b0389ddbf3b297b3cea', '::1', 1531719851, 0x5f5f63695f6c6173745f726567656e65726174657c693a313533313731393537353b63757272656e745f6c616e67756167657c733a373a22656e676c697368223b),
('baa8fbd71471be6c043b3c239ea83a8ad45a2172', '::1', 1540067199, 0x5f5f63695f6c6173745f726567656e65726174657c693a313534303036373139393b),
('bb8c53a073e16e21dd6012bce3d2b5f11cf6e601', '::1', 1540269550, 0x5f5f63695f6c6173745f726567656e65726174657c693a313534303236393435343b63757272656e745f6c616e67756167657c733a373a22656e676c697368223b61646d696e5f6c6f67696e7c733a313a2231223b61646d696e5f69647c733a313a2231223b6c6f67696e5f757365725f69647c733a313a2231223b6c6f67696e5f747970657c733a353a2261646d696e223b7363686f6f6c7c733a313a2231223b72756e6e696e675f796561727c733a393a22323031362d32303137223b),
('c79outjrlrsjevms3jqg1l5o2n', '::1', 1570366264, 0x5f5f63695f6c6173745f726567656e65726174657c693a313537303336363236333b63757272656e745f6c616e67756167657c733a373a22656e676c697368223b),
('ccf7d5c47e2732f614b6c51deec906ad4f8f3fe3', '::1', 1531718245, 0x5f5f63695f6c6173745f726567656e65726174657c693a313533313731383132393b63757272656e745f6c616e67756167657c733a373a22656e676c697368223b61646d696e5f6c6f67696e7c733a313a2231223b61646d696e5f69647c733a313a2231223b6c6f67696e5f757365725f69647c733a313a2231223b6c6f67696e5f747970657c733a353a2261646d696e223b7363686f6f6c7c733a313a2231223b72756e6e696e675f796561727c733a393a22323031362d32303137223b),
('ce8a4d617cc1f05c75c033a40134218e079c2d98', '::1', 1540877060, 0x5f5f63695f6c6173745f726567656e65726174657c693a313534303837373032373b63757272656e745f6c616e67756167657c733a373a22656e676c697368223b),
('cqn7dfet56iplhdj0hs4uo2dls', '::1', 1570051264, 0x5f5f63695f6c6173745f726567656e65726174657c693a313537303035313236343b63757272656e745f6c616e67756167657c733a373a22656e676c697368223b),
('d3f61aa6b3bb5ba6ff1ca733f828f163d265e66d', '::1', 1539983564, 0x5f5f63695f6c6173745f726567656e65726174657c693a313533393938333536343b63757272656e745f6c616e67756167657c733a373a22656e676c697368223b),
('dhotp2c2rm9m8uep776osaebcr', '::1', 1570052526, ''),
('e3e778f2f015ac2091b24390f28b2b00eeeb2c39', '::1', 1539983774, 0x5f5f63695f6c6173745f726567656e65726174657c693a313533393938333536353b63757272656e745f6c616e67756167657c733a373a22656e676c697368223b61646d696e5f6c6f67696e7c733a313a2231223b61646d696e5f69647c733a313a2231223b6c6f67696e5f757365725f69647c733a313a2231223b6c6f67696e5f747970657c733a353a2261646d696e223b7363686f6f6c7c733a313a2231223b72756e6e696e675f796561727c733a393a22323031362d32303137223b),
('e55trfqmj8p1qced9micu6e75a', '::1', 1570051597, ''),
('e940f35oe0lrrqqblau88hbo79', '::1', 1570052450, 0x5f5f63695f6c6173745f726567656e65726174657c693a313537303035323435303b63757272656e745f6c616e67756167657c733a373a22656e676c697368223b),
('ee7c7f8f8bfeaca4950aad555a9d82a790929213', '::1', 1531718473, 0x5f5f63695f6c6173745f726567656e65726174657c693a313533313731383437333b63757272656e745f6c616e67756167657c733a373a22656e676c697368223b),
('egrhs8qtr40ekbsisuk72feu49', '::1', 1570052472, 0x5f5f63695f6c6173745f726567656e65726174657c693a313537303035323437323b63757272656e745f6c616e67756167657c733a373a22656e676c697368223b),
('f4kesqqhsalllrmd80lmt7t4sh', '::1', 1570053967, 0x5f5f63695f6c6173745f726567656e65726174657c693a313537303035333936373b63757272656e745f6c616e67756167657c733a373a22656e676c697368223b),
('ftrpqoanmas5p3tb3o40hvtl1h', '::1', 1570052491, 0x5f5f63695f6c6173745f726567656e65726174657c693a313537303035323439313b63757272656e745f6c616e67756167657c733a373a22656e676c697368223b),
('g8e6r9n8q41dbs8rjiuqiahelc', '::1', 1570053941, 0x5f5f63695f6c6173745f726567656e65726174657c693a313537303035333934313b63757272656e745f6c616e67756167657c733a373a22656e676c697368223b),
('hc3g65ak2ebjnedq1asl61d32p', '::1', 1570051348, 0x5f5f63695f6c6173745f726567656e65726174657c693a313537303035313334383b63757272656e745f6c616e67756167657c733a373a22656e676c697368223b),
('hhq36dn7qsjd6djlnu48st4aes', '::1', 1570051119, 0x5f5f63695f6c6173745f726567656e65726174657c693a313537303035313131393b63757272656e745f6c616e67756167657c733a373a22656e676c697368223b),
('i7q8fn1q4mh41fsj747lpoddv8', '::1', 1570343698, 0x5f5f63695f6c6173745f726567656e65726174657c693a313537303334333639383b63757272656e745f6c616e67756167657c733a373a22656e676c697368223b),
('iam71ndk06r9kc46niq7l355p8', '::1', 1570343977, 0x61646d696e5f6c6f67696e7c733a313a2231223b61646d696e5f69647c733a313a2231223b6c6f67696e5f757365725f69647c733a313a2231223b6c6f67696e5f747970657c733a353a2261646d696e223b7363686f6f6c7c733a313a2231223b72756e6e696e675f796561727c733a393a22323031362d32303137223b),
('ii3bp4u7e412iraghg46vq45tf', '::1', 1570343979, 0x5f5f63695f6c6173745f726567656e65726174657c693a313537303334333937393b63757272656e745f6c616e67756167657c733a373a22656e676c697368223b),
('it8ifh8ao58p2a3t94vev5a7ib', '::1', 1570366418, 0x5f5f63695f6c6173745f726567656e65726174657c693a313537303336363431383b63757272656e745f6c616e67756167657c733a373a22656e676c697368223b),
('jnd8e4hd33034sb1qu3gmn4mb8', '::1', 1570053966, 0x5f5f63695f6c6173745f726567656e65726174657c693a313537303035333936363b63757272656e745f6c616e67756167657c733a373a22656e676c697368223b),
('jsp2i0g1u11lq6dph5ett8jcqd', '::1', 1570051290, ''),
('m3k5k58acjtaj77nirdsklnk2j', '::1', 1570052642, 0x61646d696e5f6c6f67696e7c733a313a2231223b61646d696e5f69647c733a313a2231223b6c6f67696e5f757365725f69647c733a313a2231223b6c6f67696e5f747970657c733a353a2261646d696e223b7363686f6f6c7c733a313a2231223b72756e6e696e675f796561727c733a393a22323031362d32303137223b),
('m9ieua1bfn6u6mgsfm7387odt4', '::1', 1570052479, 0x5f5f63695f6c6173745f726567656e65726174657c693a313537303035323437393b63757272656e745f6c616e67756167657c733a373a22656e676c697368223b),
('n4v4mcneimvrrqf82plfucs7lj', '::1', 1570051609, ''),
('nc9g83ps9j3lhnhbbjk98t5024', '::1', 1570052445, 0x5f5f63695f6c6173745f726567656e65726174657c693a313537303035323434353b63757272656e745f6c616e67756167657c733a373a22656e676c697368223b),
('o25aiik0mqirbm4n7doqkbe8g2', '::1', 1570052464, 0x5f5f63695f6c6173745f726567656e65726174657c693a313537303035323436343b63757272656e745f6c616e67756167657c733a373a22656e676c697368223b),
('oe95qnl5fic7ilk07pglaodlv6', '::1', 1570343899, 0x5f5f63695f6c6173745f726567656e65726174657c693a313537303334333839393b63757272656e745f6c616e67756167657c733a373a22656e676c697368223b),
('ol4j88adh091k5hlhfdf33656d', '::1', 1570366262, 0x5f5f63695f6c6173745f726567656e65726174657c693a313537303336363236323b),
('otmna9bs16n804akt8dmcvs4g8', '::1', 1570051340, ''),
('pqun1rsj9i19u5nm2veddcnfdq', '::1', 1570051619, ''),
('q12c2fgnqphtkhcghf0gcu8ddq', '::1', 1570343834, 0x61646d696e5f6c6f67696e7c733a313a2231223b61646d696e5f69647c733a313a2231223b6c6f67696e5f757365725f69647c733a313a2231223b6c6f67696e5f747970657c733a353a2261646d696e223b7363686f6f6c7c733a313a2231223b72756e6e696e675f796561727c733a393a22323031362d32303137223b),
('qfn1e9lnac2bb837p1gj39vfnh', '::1', 1570052480, 0x5f5f63695f6c6173745f726567656e65726174657c693a313537303035323438303b63757272656e745f6c616e67756167657c733a373a22656e676c697368223b),
('r3d9vu8rqibsj79pj02mmihvgd', '::1', 1570343924, 0x61646d696e5f6c6f67696e7c733a313a2231223b61646d696e5f69647c733a313a2231223b6c6f67696e5f757365725f69647c733a313a2231223b6c6f67696e5f747970657c733a353a2261646d696e223b7363686f6f6c7c733a313a2231223b72756e6e696e675f796561727c733a393a22323031362d32303137223b),
('rki5utsqujai3aof6vd6nj7rdk4mu9ns', '::1', 1545638027, 0x5f5f63695f6c6173745f726567656e65726174657c693a313534353633383032363b63757272656e745f6c616e67756167657c733a373a22656e676c697368223b),
('rpf4kl25ceha2et0r5js7o9fnk', '::1', 1570051548, ''),
('rvbgt99ejknn77iq5p0t0eruli', '::1', 1570052644, 0x5f5f63695f6c6173745f726567656e65726174657c693a313537303035323634343b63757272656e745f6c616e67756167657c733a373a22656e676c697368223b),
('s2a6qrngk5ouag8k23vmlc7v6i', '::1', 1570053940, 0x5f5f63695f6c6173745f726567656e65726174657c693a313537303035333934303b63757272656e745f6c616e67756167657c733a373a22656e676c697368223b),
('sd1u3bo3pg4gf9jifmh58v6t4t', '::1', 1570051330, ''),
('sutjsrsm6ivflrmq5ghb0e21vg', '::1', 1570052301, 0x61646d696e5f6c6f67696e7c733a313a2231223b61646d696e5f69647c733a313a2231223b6c6f67696e5f757365725f69647c733a313a2231223b6c6f67696e5f747970657c733a353a2261646d696e223b7363686f6f6c7c733a313a2231223b72756e6e696e675f796561727c733a393a22323031362d32303137223b),
('tgg8qioo8ipcj8u1poc4qdq89b', '::1', 1570051212, ''),
('u15b85830066iqmga2un02pa0q', '::1', 1570052471, 0x5f5f63695f6c6173745f726567656e65726174657c693a313537303035323437313b63757272656e745f6c616e67756167657c733a373a22656e676c697368223b),
('u4ogiebkuutc7l48nk14ejapti', '::1', 1570343612, 0x5f5f63695f6c6173745f726567656e65726174657c693a313537303334333631323b63757272656e745f6c616e67756167657c733a373a22656e676c697368223b),
('uksv8nrkpcki1nkupam9ugjubn', '::1', 1570052466, 0x5f5f63695f6c6173745f726567656e65726174657c693a313537303035323436363b63757272656e745f6c616e67756167657c733a373a22656e676c697368223b);

-- --------------------------------------------------------

--
-- Table structure for table `class`
--

CREATE TABLE `class` (
  `class_id` int(11) NOT NULL,
  `school_id` int(11) NOT NULL,
  `name` longtext COLLATE utf8_unicode_ci NOT NULL,
  `name_numeric` longtext COLLATE utf8_unicode_ci NOT NULL,
  `teacher_id` int(11) NOT NULL
) ENGINE=InnoDB DEFAULT CHARSET=utf8 COLLATE=utf8_unicode_ci;

--
-- Dumping data for table `class`
--

INSERT INTO `class` (`class_id`, `school_id`, `name`, `name_numeric`, `teacher_id`) VALUES
(1, 1, 'Form1', '1', 1),
(2, 1, 'Form 2', '2', 3);

-- --------------------------------------------------------

--
-- Table structure for table `class_routine`
--

CREATE TABLE `class_routine` (
  `class_routine_id` int(11) NOT NULL,
  `school_id` int(11) NOT NULL,
  `class_id` int(11) NOT NULL,
  `section_id` int(10) NOT NULL DEFAULT 0,
  `subject_id` int(11) NOT NULL,
  `time_start` int(11) NOT NULL,
  `time_end` int(11) NOT NULL,
  `time_start_min` int(10) NOT NULL,
  `time_end_min` int(10) NOT NULL,
  `day` longtext COLLATE utf8_unicode_ci NOT NULL,
  `year` varchar(50) COLLATE utf8_unicode_ci DEFAULT NULL
) ENGINE=InnoDB DEFAULT CHARSET=utf8 COLLATE=utf8_unicode_ci;

--
-- Dumping data for table `class_routine`
--

INSERT INTO `class_routine` (`class_routine_id`, `school_id`, `class_id`, `section_id`, `subject_id`, `time_start`, `time_end`, `time_start_min`, `time_end_min`, `day`, `year`) VALUES
(1, 1, 1, 1, 1, 6, 8, 30, 15, 'monday', '2016-2017'),
(2, 1, 1, 1, 2, 8, 10, 20, 15, 'monday', '2016-2017'),
(3, 1, 1, 2, 1, 7, 9, 45, 15, 'monday', '2016-2017'),
(4, 1, 1, 1, 1, 11, 24, 30, 30, 'wednesday', '2016-2017'),
(5, 1, 1, 1, 2, 10, 24, 40, 40, 'wednesday', '2016-2017');

-- --------------------------------------------------------

--
-- Table structure for table `credentials`
--

CREATE TABLE `credentials` (
  `id` int(11) NOT NULL,
  `user_id` varchar(50) COLLATE utf8_unicode_ci NOT NULL,
  `school_id` int(11) NOT NULL,
  `email` varchar(50) COLLATE utf8_unicode_ci NOT NULL,
  `password` varchar(255) COLLATE utf8_unicode_ci NOT NULL,
  `account` int(5) NOT NULL
) ENGINE=InnoDB DEFAULT CHARSET=utf8 COLLATE=utf8_unicode_ci;

--
-- Dumping data for table `credentials`
--

INSERT INTO `credentials` (`id`, `user_id`, `school_id`, `email`, `password`, `account`) VALUES
(1, '1', 1, 'admin@gmail.com', '7c222fb292', 1),
(2, '1', 1, 'teacher2@gmail.com', '7c222fb292', 2),
(4, '3', 1, 'teacher1@gmail.com', '7c222fb292', 2),
(5, '1', 1, 'parent1@gmail.com', '7c222fb292', 4),
(6, '01/2018/001/1', 1, 'student1@gmail.com', '7c222fb292', 3),
(7, '01/2018/001/2', 1, 'student2@gmail.com', '7c222fb292', 3),
(8, '8', 1, 'awal@example.com', '91dfd9ddb4', 1),
(9, '9', 2, 'awalsule001@gmail.com', '7c222fb292', 1);

-- --------------------------------------------------------

--
-- Table structure for table `document`
--

CREATE TABLE `document` (
  `document_id` int(11) NOT NULL,
  `school_id` int(11) NOT NULL,
  `title` longtext COLLATE utf8_unicode_ci NOT NULL,
  `description` longtext COLLATE utf8_unicode_ci NOT NULL,
  `file_name` longtext COLLATE utf8_unicode_ci NOT NULL,
  `file_type` longtext COLLATE utf8_unicode_ci NOT NULL,
  `class_id` longtext COLLATE utf8_unicode_ci NOT NULL,
  `teacher_id` int(11) NOT NULL,
  `timestamp` longtext COLLATE utf8_unicode_ci NOT NULL
) ENGINE=MyISAM DEFAULT CHARSET=utf8 COLLATE=utf8_unicode_ci;

-- --------------------------------------------------------

--
-- Table structure for table `dormitory`
--

CREATE TABLE `dormitory` (
  `dormitory_id` int(11) NOT NULL,
  `school_id` int(11) NOT NULL,
  `name` longtext COLLATE utf8_unicode_ci NOT NULL,
  `number_of_room` longtext COLLATE utf8_unicode_ci NOT NULL,
  `description` longtext COLLATE utf8_unicode_ci NOT NULL
) ENGINE=MyISAM DEFAULT CHARSET=utf8 COLLATE=utf8_unicode_ci;

-- --------------------------------------------------------

--
-- Table structure for table `enroll`
--

CREATE TABLE `enroll` (
  `enroll_id` int(11) NOT NULL,
  `enroll_code` varchar(50) NOT NULL,
  `student_id` varchar(20) NOT NULL,
  `school_id` varchar(20) NOT NULL,
  `class_id` int(11) NOT NULL,
  `section_id` int(11) NOT NULL DEFAULT 0,
  `roll` varchar(11) NOT NULL DEFAULT '0',
  `date_added` varchar(100) NOT NULL,
  `year` varchar(100) NOT NULL
) ENGINE=InnoDB DEFAULT CHARSET=latin1;

--
-- Dumping data for table `enroll`
--

INSERT INTO `enroll` (`enroll_id`, `enroll_code`, `student_id`, `school_id`, `class_id`, `section_id`, `roll`, `date_added`, `year`) VALUES
(1, '92df9a4', '01/2018/001/1', '1', 1, 1, '0', '1531409022', '2016-2017'),
(2, '20d156a', '01/2018/001/2', '1', 1, 2, '0', '1531409146', '2016-2017');

-- --------------------------------------------------------

--
-- Table structure for table `exam`
--

CREATE TABLE `exam` (
  `exam_id` int(11) NOT NULL,
  `school_id` int(11) NOT NULL,
  `name` longtext COLLATE utf8_unicode_ci NOT NULL,
  `date` longtext COLLATE utf8_unicode_ci NOT NULL,
  `comment` longtext COLLATE utf8_unicode_ci NOT NULL,
  `year` varchar(50) COLLATE utf8_unicode_ci NOT NULL
) ENGINE=InnoDB DEFAULT CHARSET=utf8 COLLATE=utf8_unicode_ci;

--
-- Dumping data for table `exam`
--

INSERT INTO `exam` (`exam_id`, `school_id`, `name`, `date`, `comment`, `year`) VALUES
(1, 1, 'First Term Exams', '07/12/2018', 'exam period june 23 - july 1', '2016-2017'),
(2, 1, 'Second Term Exams', '07/12/2018', 'end of second term exmas', '2016-2017');

-- --------------------------------------------------------

--
-- Table structure for table `expense_category`
--

CREATE TABLE `expense_category` (
  `expense_category_id` int(11) NOT NULL,
  `name` longtext COLLATE utf8_unicode_ci NOT NULL
) ENGINE=InnoDB DEFAULT CHARSET=utf8 COLLATE=utf8_unicode_ci;

--
-- Dumping data for table `expense_category`
--

INSERT INTO `expense_category` (`expense_category_id`, `name`) VALUES
(1, 'exam material');

-- --------------------------------------------------------

--
-- Table structure for table `grade`
--

CREATE TABLE `grade` (
  `grade_id` int(11) NOT NULL,
  `school_id` int(11) NOT NULL,
  `name` longtext COLLATE utf8_unicode_ci NOT NULL,
  `grade_point` longtext COLLATE utf8_unicode_ci NOT NULL,
  `mark_from` int(11) NOT NULL,
  `mark_upto` int(11) NOT NULL,
  `comment` longtext COLLATE utf8_unicode_ci NOT NULL
) ENGINE=InnoDB DEFAULT CHARSET=utf8 COLLATE=utf8_unicode_ci;

--
-- Dumping data for table `grade`
--

INSERT INTO `grade` (`grade_id`, `school_id`, `name`, `grade_point`, `mark_from`, `mark_upto`, `comment`) VALUES
(1, 1, 'Excellent', '4.5', 85, 100, 'highest mark'),
(2, 1, 'Very Good', '4', 75, 84, 'second highest mark'),
(3, 1, 'Good', '3.5', 60, 74, 'good mark but more rooms for improvemnt'),
(4, 1, 'Pass', '2.0', 49, 59, 'another comment');

-- --------------------------------------------------------

--
-- Table structure for table `inventory`
--

CREATE TABLE `inventory` (
  `id` int(11) NOT NULL,
  `school_id` int(11) NOT NULL,
  `name` mediumtext CHARACTER SET utf8 COLLATE utf8_unicode_ci NOT NULL,
  `quantity` int(11) NOT NULL,
  `last_stocked` longtext NOT NULL,
  `unit` varchar(10) CHARACTER SET utf8 COLLATE utf8_unicode_ci NOT NULL,
  `current_quantity` int(11) NOT NULL
) ENGINE=InnoDB DEFAULT CHARSET=latin1;

--
-- Dumping data for table `inventory`
--

INSERT INTO `inventory` (`id`, `school_id`, `name`, `quantity`, `last_stocked`, `unit`, `current_quantity`) VALUES
(1, 1, 'chalk', 3, '03/10/2019', 'packets', 197);

-- --------------------------------------------------------

--
-- Table structure for table `inventory_quantities`
--

CREATE TABLE `inventory_quantities` (
  `id` int(11) NOT NULL,
  `current_quantity` int(11) NOT NULL DEFAULT 0,
  `item_id` int(11) NOT NULL
) ENGINE=InnoDB DEFAULT CHARSET=latin1;

-- --------------------------------------------------------

--
-- Table structure for table `invoice`
--

CREATE TABLE `invoice` (
  `invoice_id` int(11) NOT NULL,
  `student_id` varchar(20) COLLATE utf8_unicode_ci NOT NULL,
  `school_id` int(11) NOT NULL,
  `title` longtext COLLATE utf8_unicode_ci NOT NULL,
  `description` longtext COLLATE utf8_unicode_ci NOT NULL,
  `amount` int(11) NOT NULL,
  `amount_paid` longtext COLLATE utf8_unicode_ci NOT NULL,
  `due` longtext COLLATE utf8_unicode_ci NOT NULL,
  `creation_timestamp` int(11) NOT NULL,
  `status` longtext COLLATE utf8_unicode_ci NOT NULL COMMENT 'paid or unpaid',
  `year` varchar(50) COLLATE utf8_unicode_ci NOT NULL
) ENGINE=MyISAM DEFAULT CHARSET=utf8 COLLATE=utf8_unicode_ci;

--
-- Dumping data for table `invoice`
--

INSERT INTO `invoice` (`invoice_id`, `student_id`, `school_id`, `title`, `description`, `amount`, `amount_paid`, `due`, `creation_timestamp`, `status`, `year`) VALUES
(1, '01/2018/001/1', 1, 'PTA', 'building of ICT lab, agreed on by P.T.A', 75, '75', '0', 1531346400, 'paid', '2016-2017'),
(2, '01/2018/001/2', 1, 'School Fee', '2016/2017 Academic year', 300, '300', '0', 1570140000, 'paid', '2016-2017');

-- --------------------------------------------------------

--
-- Table structure for table `language`
--

CREATE TABLE `language` (
  `phrase_id` int(11) NOT NULL,
  `phrase` longtext COLLATE utf8_unicode_ci NOT NULL,
  `english` longtext COLLATE utf8_unicode_ci DEFAULT NULL,
  `bengali` longtext COLLATE utf8_unicode_ci DEFAULT NULL,
  `spanish` longtext COLLATE utf8_unicode_ci DEFAULT NULL,
  `arabic` longtext COLLATE utf8_unicode_ci DEFAULT NULL,
  `dutch` longtext COLLATE utf8_unicode_ci DEFAULT NULL,
  `russian` longtext COLLATE utf8_unicode_ci DEFAULT NULL,
  `chinese` longtext COLLATE utf8_unicode_ci DEFAULT NULL,
  `turkish` longtext COLLATE utf8_unicode_ci DEFAULT NULL,
  `portuguese` longtext COLLATE utf8_unicode_ci DEFAULT NULL,
  `hungarian` longtext COLLATE utf8_unicode_ci DEFAULT NULL,
  `french` longtext COLLATE utf8_unicode_ci DEFAULT NULL,
  `greek` longtext COLLATE utf8_unicode_ci DEFAULT NULL,
  `german` longtext COLLATE utf8_unicode_ci DEFAULT NULL,
  `italian` longtext COLLATE utf8_unicode_ci DEFAULT NULL,
  `thai` longtext COLLATE utf8_unicode_ci DEFAULT NULL,
  `urdu` longtext COLLATE utf8_unicode_ci DEFAULT NULL,
  `hindi` longtext COLLATE utf8_unicode_ci DEFAULT NULL,
  `latin` longtext COLLATE utf8_unicode_ci DEFAULT NULL,
  `indonesian` longtext COLLATE utf8_unicode_ci DEFAULT NULL,
  `japanese` longtext COLLATE utf8_unicode_ci DEFAULT NULL,
  `korean` longtext COLLATE utf8_unicode_ci DEFAULT NULL
) ENGINE=MyISAM DEFAULT CHARSET=utf8 COLLATE=utf8_unicode_ci;

--
-- Dumping data for table `language`
--

INSERT INTO `language` (`phrase_id`, `phrase`, `english`, `bengali`, `spanish`, `arabic`, `dutch`, `russian`, `chinese`, `turkish`, `portuguese`, `hungarian`, `french`, `greek`, `german`, `italian`, `thai`, `urdu`, `hindi`, `latin`, `indonesian`, `japanese`, `korean`) VALUES
(1, 'login', NULL, NULL, NULL, NULL, NULL, NULL, NULL, NULL, NULL, NULL, NULL, NULL, NULL, NULL, NULL, NULL, NULL, NULL, NULL, NULL, NULL),
(2, 'select_school', NULL, NULL, NULL, NULL, NULL, NULL, NULL, NULL, NULL, NULL, NULL, NULL, NULL, NULL, NULL, NULL, NULL, NULL, NULL, NULL, NULL),
(3, 'forgot_your_password', NULL, NULL, NULL, NULL, NULL, NULL, NULL, NULL, NULL, NULL, NULL, NULL, NULL, NULL, NULL, NULL, NULL, NULL, NULL, NULL, NULL),
(4, 'developer_page', NULL, NULL, NULL, NULL, NULL, NULL, NULL, NULL, NULL, NULL, NULL, NULL, NULL, NULL, NULL, NULL, NULL, NULL, NULL, NULL, NULL),
(5, 'available_schools', NULL, NULL, NULL, NULL, NULL, NULL, NULL, NULL, NULL, NULL, NULL, NULL, NULL, NULL, NULL, NULL, NULL, NULL, NULL, NULL, NULL),
(6, 'add_school', NULL, NULL, NULL, NULL, NULL, NULL, NULL, NULL, NULL, NULL, NULL, NULL, NULL, NULL, NULL, NULL, NULL, NULL, NULL, NULL, NULL),
(7, 'list_admin', NULL, NULL, NULL, NULL, NULL, NULL, NULL, NULL, NULL, NULL, NULL, NULL, NULL, NULL, NULL, NULL, NULL, NULL, NULL, NULL, NULL),
(8, 'school_name', NULL, NULL, NULL, NULL, NULL, NULL, NULL, NULL, NULL, NULL, NULL, NULL, NULL, NULL, NULL, NULL, NULL, NULL, NULL, NULL, NULL),
(9, 'system_title', NULL, NULL, NULL, NULL, NULL, NULL, NULL, NULL, NULL, NULL, NULL, NULL, NULL, NULL, NULL, NULL, NULL, NULL, NULL, NULL, NULL),
(10, 'email', NULL, NULL, NULL, NULL, NULL, NULL, NULL, NULL, NULL, NULL, NULL, NULL, NULL, NULL, NULL, NULL, NULL, NULL, NULL, NULL, NULL),
(11, 'address', NULL, NULL, NULL, NULL, NULL, NULL, NULL, NULL, NULL, NULL, NULL, NULL, NULL, NULL, NULL, NULL, NULL, NULL, NULL, NULL, NULL),
(12, 'contact', NULL, NULL, NULL, NULL, NULL, NULL, NULL, NULL, NULL, NULL, NULL, NULL, NULL, NULL, NULL, NULL, NULL, NULL, NULL, NULL, NULL),
(13, 'subscription', NULL, NULL, NULL, NULL, NULL, NULL, NULL, NULL, NULL, NULL, NULL, NULL, NULL, NULL, NULL, NULL, NULL, NULL, NULL, NULL, NULL),
(14, 'options', NULL, NULL, NULL, NULL, NULL, NULL, NULL, NULL, NULL, NULL, NULL, NULL, NULL, NULL, NULL, NULL, NULL, NULL, NULL, NULL, NULL),
(15, 'system_settings', NULL, NULL, NULL, NULL, NULL, NULL, NULL, NULL, NULL, NULL, NULL, NULL, NULL, NULL, NULL, NULL, NULL, NULL, NULL, NULL, NULL),
(16, 'phone', NULL, NULL, NULL, NULL, NULL, NULL, NULL, NULL, NULL, NULL, NULL, NULL, NULL, NULL, NULL, NULL, NULL, NULL, NULL, NULL, NULL),
(17, 'paypal_email', NULL, NULL, NULL, NULL, NULL, NULL, NULL, NULL, NULL, NULL, NULL, NULL, NULL, NULL, NULL, NULL, NULL, NULL, NULL, NULL, NULL),
(18, 'currency', NULL, NULL, NULL, NULL, NULL, NULL, NULL, NULL, NULL, NULL, NULL, NULL, NULL, NULL, NULL, NULL, NULL, NULL, NULL, NULL, NULL),
(19, 'system_email', NULL, NULL, NULL, NULL, NULL, NULL, NULL, NULL, NULL, NULL, NULL, NULL, NULL, NULL, NULL, NULL, NULL, NULL, NULL, NULL, NULL),
(20, 'language', NULL, NULL, NULL, NULL, NULL, NULL, NULL, NULL, NULL, NULL, NULL, NULL, NULL, NULL, NULL, NULL, NULL, NULL, NULL, NULL, NULL),
(21, 'text_align', NULL, NULL, NULL, NULL, NULL, NULL, NULL, NULL, NULL, NULL, NULL, NULL, NULL, NULL, NULL, NULL, NULL, NULL, NULL, NULL, NULL),
(22, 'save', NULL, NULL, NULL, NULL, NULL, NULL, NULL, NULL, NULL, NULL, NULL, NULL, NULL, NULL, NULL, NULL, NULL, NULL, NULL, NULL, NULL),
(23, 'upload_logo', NULL, NULL, NULL, NULL, NULL, NULL, NULL, NULL, NULL, NULL, NULL, NULL, NULL, NULL, NULL, NULL, NULL, NULL, NULL, NULL, NULL),
(24, 'photo', NULL, NULL, NULL, NULL, NULL, NULL, NULL, NULL, NULL, NULL, NULL, NULL, NULL, NULL, NULL, NULL, NULL, NULL, NULL, NULL, NULL),
(25, 'upload', NULL, NULL, NULL, NULL, NULL, NULL, NULL, NULL, NULL, NULL, NULL, NULL, NULL, NULL, NULL, NULL, NULL, NULL, NULL, NULL, NULL),
(26, 'add_new_admin', NULL, NULL, NULL, NULL, NULL, NULL, NULL, NULL, NULL, NULL, NULL, NULL, NULL, NULL, NULL, NULL, NULL, NULL, NULL, NULL, NULL),
(27, 'name', NULL, NULL, NULL, NULL, NULL, NULL, NULL, NULL, NULL, NULL, NULL, NULL, NULL, NULL, NULL, NULL, NULL, NULL, NULL, NULL, NULL),
(28, 'school', NULL, NULL, NULL, NULL, NULL, NULL, NULL, NULL, NULL, NULL, NULL, NULL, NULL, NULL, NULL, NULL, NULL, NULL, NULL, NULL, NULL),
(29, 'delete', NULL, NULL, NULL, NULL, NULL, NULL, NULL, NULL, NULL, NULL, NULL, NULL, NULL, NULL, NULL, NULL, NULL, NULL, NULL, NULL, NULL),
(30, 'cancel', NULL, NULL, NULL, NULL, NULL, NULL, NULL, NULL, NULL, NULL, NULL, NULL, NULL, NULL, NULL, NULL, NULL, NULL, NULL, NULL, NULL),
(31, 'school_added', NULL, NULL, NULL, NULL, NULL, NULL, NULL, NULL, NULL, NULL, NULL, NULL, NULL, NULL, NULL, NULL, NULL, NULL, NULL, NULL, NULL),
(32, 'edit', NULL, NULL, NULL, NULL, NULL, NULL, NULL, NULL, NULL, NULL, NULL, NULL, NULL, NULL, NULL, NULL, NULL, NULL, NULL, NULL, NULL),
(33, 'school_activated', NULL, NULL, NULL, NULL, NULL, NULL, NULL, NULL, NULL, NULL, NULL, NULL, NULL, NULL, NULL, NULL, NULL, NULL, NULL, NULL, NULL),
(34, 'add_admin', NULL, NULL, NULL, NULL, NULL, NULL, NULL, NULL, NULL, NULL, NULL, NULL, NULL, NULL, NULL, NULL, NULL, NULL, NULL, NULL, NULL),
(35, 'value_required', NULL, NULL, NULL, NULL, NULL, NULL, NULL, NULL, NULL, NULL, NULL, NULL, NULL, NULL, NULL, NULL, NULL, NULL, NULL, NULL, NULL),
(36, 'password', NULL, NULL, NULL, NULL, NULL, NULL, NULL, NULL, NULL, NULL, NULL, NULL, NULL, NULL, NULL, NULL, NULL, NULL, NULL, NULL, NULL),
(37, 'Central international', NULL, NULL, NULL, NULL, NULL, NULL, NULL, NULL, NULL, NULL, NULL, NULL, NULL, NULL, NULL, NULL, NULL, NULL, NULL, NULL, NULL),
(38, 'admin_dashboard', NULL, NULL, NULL, NULL, NULL, NULL, NULL, NULL, NULL, NULL, NULL, NULL, NULL, NULL, NULL, NULL, NULL, NULL, NULL, NULL, NULL),
(39, 'dashboard', NULL, NULL, NULL, NULL, NULL, NULL, NULL, NULL, NULL, NULL, NULL, NULL, NULL, NULL, NULL, NULL, NULL, NULL, NULL, NULL, NULL),
(40, 'student', NULL, NULL, NULL, NULL, NULL, NULL, NULL, NULL, NULL, NULL, NULL, NULL, NULL, NULL, NULL, NULL, NULL, NULL, NULL, NULL, NULL),
(41, 'admit_student', NULL, NULL, NULL, NULL, NULL, NULL, NULL, NULL, NULL, NULL, NULL, NULL, NULL, NULL, NULL, NULL, NULL, NULL, NULL, NULL, NULL),
(42, 'admit_bulk_student', NULL, NULL, NULL, NULL, NULL, NULL, NULL, NULL, NULL, NULL, NULL, NULL, NULL, NULL, NULL, NULL, NULL, NULL, NULL, NULL, NULL),
(43, 'student_information', NULL, NULL, NULL, NULL, NULL, NULL, NULL, NULL, NULL, NULL, NULL, NULL, NULL, NULL, NULL, NULL, NULL, NULL, NULL, NULL, NULL),
(44, 'student_marksheet', NULL, NULL, NULL, NULL, NULL, NULL, NULL, NULL, NULL, NULL, NULL, NULL, NULL, NULL, NULL, NULL, NULL, NULL, NULL, NULL, NULL),
(45, 'student_promotion', NULL, NULL, NULL, NULL, NULL, NULL, NULL, NULL, NULL, NULL, NULL, NULL, NULL, NULL, NULL, NULL, NULL, NULL, NULL, NULL, NULL),
(46, 'teacher', NULL, NULL, NULL, NULL, NULL, NULL, NULL, NULL, NULL, NULL, NULL, NULL, NULL, NULL, NULL, NULL, NULL, NULL, NULL, NULL, NULL),
(47, 'parents', NULL, NULL, NULL, NULL, NULL, NULL, NULL, NULL, NULL, NULL, NULL, NULL, NULL, NULL, NULL, NULL, NULL, NULL, NULL, NULL, NULL),
(48, 'class', NULL, NULL, NULL, NULL, NULL, NULL, NULL, NULL, NULL, NULL, NULL, NULL, NULL, NULL, NULL, NULL, NULL, NULL, NULL, NULL, NULL),
(49, 'manage_classes', NULL, NULL, NULL, NULL, NULL, NULL, NULL, NULL, NULL, NULL, NULL, NULL, NULL, NULL, NULL, NULL, NULL, NULL, NULL, NULL, NULL),
(50, 'manage_sections', NULL, NULL, NULL, NULL, NULL, NULL, NULL, NULL, NULL, NULL, NULL, NULL, NULL, NULL, NULL, NULL, NULL, NULL, NULL, NULL, NULL),
(51, 'academic_syllabus', NULL, NULL, NULL, NULL, NULL, NULL, NULL, NULL, NULL, NULL, NULL, NULL, NULL, NULL, NULL, NULL, NULL, NULL, NULL, NULL, NULL),
(52, 'subject', NULL, NULL, NULL, NULL, NULL, NULL, NULL, NULL, NULL, NULL, NULL, NULL, NULL, NULL, NULL, NULL, NULL, NULL, NULL, NULL, NULL),
(53, 'Time_Table', NULL, NULL, NULL, NULL, NULL, NULL, NULL, NULL, NULL, NULL, NULL, NULL, NULL, NULL, NULL, NULL, NULL, NULL, NULL, NULL, NULL),
(54, 'daily_attendance', NULL, NULL, NULL, NULL, NULL, NULL, NULL, NULL, NULL, NULL, NULL, NULL, NULL, NULL, NULL, NULL, NULL, NULL, NULL, NULL, NULL),
(55, 'manage_attendance', NULL, NULL, NULL, NULL, NULL, NULL, NULL, NULL, NULL, NULL, NULL, NULL, NULL, NULL, NULL, NULL, NULL, NULL, NULL, NULL, NULL),
(56, 'attendance_report', NULL, NULL, NULL, NULL, NULL, NULL, NULL, NULL, NULL, NULL, NULL, NULL, NULL, NULL, NULL, NULL, NULL, NULL, NULL, NULL, NULL),
(57, 'exam', NULL, NULL, NULL, NULL, NULL, NULL, NULL, NULL, NULL, NULL, NULL, NULL, NULL, NULL, NULL, NULL, NULL, NULL, NULL, NULL, NULL),
(58, 'exam_list', NULL, NULL, NULL, NULL, NULL, NULL, NULL, NULL, NULL, NULL, NULL, NULL, NULL, NULL, NULL, NULL, NULL, NULL, NULL, NULL, NULL),
(59, 'exam_grades', NULL, NULL, NULL, NULL, NULL, NULL, NULL, NULL, NULL, NULL, NULL, NULL, NULL, NULL, NULL, NULL, NULL, NULL, NULL, NULL, NULL),
(60, 'manage_marks', NULL, NULL, NULL, NULL, NULL, NULL, NULL, NULL, NULL, NULL, NULL, NULL, NULL, NULL, NULL, NULL, NULL, NULL, NULL, NULL, NULL),
(61, 'send_marks_by_sms', NULL, NULL, NULL, NULL, NULL, NULL, NULL, NULL, NULL, NULL, NULL, NULL, NULL, NULL, NULL, NULL, NULL, NULL, NULL, NULL, NULL),
(62, 'payment', NULL, NULL, NULL, NULL, NULL, NULL, NULL, NULL, NULL, NULL, NULL, NULL, NULL, NULL, NULL, NULL, NULL, NULL, NULL, NULL, NULL),
(63, 'accounting', NULL, NULL, NULL, NULL, NULL, NULL, NULL, NULL, NULL, NULL, NULL, NULL, NULL, NULL, NULL, NULL, NULL, NULL, NULL, NULL, NULL),
(64, 'income', NULL, NULL, NULL, NULL, NULL, NULL, NULL, NULL, NULL, NULL, NULL, NULL, NULL, NULL, NULL, NULL, NULL, NULL, NULL, NULL, NULL),
(65, 'expense', NULL, NULL, NULL, NULL, NULL, NULL, NULL, NULL, NULL, NULL, NULL, NULL, NULL, NULL, NULL, NULL, NULL, NULL, NULL, NULL, NULL),
(66, 'expense_category', NULL, NULL, NULL, NULL, NULL, NULL, NULL, NULL, NULL, NULL, NULL, NULL, NULL, NULL, NULL, NULL, NULL, NULL, NULL, NULL, NULL),
(67, 'inventory', NULL, NULL, NULL, NULL, NULL, NULL, NULL, NULL, NULL, NULL, NULL, NULL, NULL, NULL, NULL, NULL, NULL, NULL, NULL, NULL, NULL),
(68, 'library', NULL, NULL, NULL, NULL, NULL, NULL, NULL, NULL, NULL, NULL, NULL, NULL, NULL, NULL, NULL, NULL, NULL, NULL, NULL, NULL, NULL),
(69, 'transport', NULL, NULL, NULL, NULL, NULL, NULL, NULL, NULL, NULL, NULL, NULL, NULL, NULL, NULL, NULL, NULL, NULL, NULL, NULL, NULL, NULL),
(70, 'dormitory', NULL, NULL, NULL, NULL, NULL, NULL, NULL, NULL, NULL, NULL, NULL, NULL, NULL, NULL, NULL, NULL, NULL, NULL, NULL, NULL, NULL),
(71, 'noticeboard', NULL, NULL, NULL, NULL, NULL, NULL, NULL, NULL, NULL, NULL, NULL, NULL, NULL, NULL, NULL, NULL, NULL, NULL, NULL, NULL, NULL),
(72, 'message', NULL, NULL, NULL, NULL, NULL, NULL, NULL, NULL, NULL, NULL, NULL, NULL, NULL, NULL, NULL, NULL, NULL, NULL, NULL, NULL, NULL),
(73, 'settings', NULL, NULL, NULL, NULL, NULL, NULL, NULL, NULL, NULL, NULL, NULL, NULL, NULL, NULL, NULL, NULL, NULL, NULL, NULL, NULL, NULL),
(74, 'general_settings', NULL, NULL, NULL, NULL, NULL, NULL, NULL, NULL, NULL, NULL, NULL, NULL, NULL, NULL, NULL, NULL, NULL, NULL, NULL, NULL, NULL),
(75, 'data_settings', NULL, NULL, NULL, NULL, NULL, NULL, NULL, NULL, NULL, NULL, NULL, NULL, NULL, NULL, NULL, NULL, NULL, NULL, NULL, NULL, NULL),
(76, 'sms_settings', NULL, NULL, NULL, NULL, NULL, NULL, NULL, NULL, NULL, NULL, NULL, NULL, NULL, NULL, NULL, NULL, NULL, NULL, NULL, NULL, NULL),
(77, 'language_settings', NULL, NULL, NULL, NULL, NULL, NULL, NULL, NULL, NULL, NULL, NULL, NULL, NULL, NULL, NULL, NULL, NULL, NULL, NULL, NULL, NULL),
(78, 'account', NULL, NULL, NULL, NULL, NULL, NULL, NULL, NULL, NULL, NULL, NULL, NULL, NULL, NULL, NULL, NULL, NULL, NULL, NULL, NULL, NULL),
(79, 'edit_profile', NULL, NULL, NULL, NULL, NULL, NULL, NULL, NULL, NULL, NULL, NULL, NULL, NULL, NULL, NULL, NULL, NULL, NULL, NULL, NULL, NULL),
(80, 'change_password', NULL, NULL, NULL, NULL, NULL, NULL, NULL, NULL, NULL, NULL, NULL, NULL, NULL, NULL, NULL, NULL, NULL, NULL, NULL, NULL, NULL),
(81, 'running_session', NULL, NULL, NULL, NULL, NULL, NULL, NULL, NULL, NULL, NULL, NULL, NULL, NULL, NULL, NULL, NULL, NULL, NULL, NULL, NULL, NULL),
(82, 'event_schedule', NULL, NULL, NULL, NULL, NULL, NULL, NULL, NULL, NULL, NULL, NULL, NULL, NULL, NULL, NULL, NULL, NULL, NULL, NULL, NULL, NULL),
(83, 'parent', NULL, NULL, NULL, NULL, NULL, NULL, NULL, NULL, NULL, NULL, NULL, NULL, NULL, NULL, NULL, NULL, NULL, NULL, NULL, NULL, NULL),
(84, 'attendance', NULL, NULL, NULL, NULL, NULL, NULL, NULL, NULL, NULL, NULL, NULL, NULL, NULL, NULL, NULL, NULL, NULL, NULL, NULL, NULL, NULL),
(85, 'select_running_session', NULL, NULL, NULL, NULL, NULL, NULL, NULL, NULL, NULL, NULL, NULL, NULL, NULL, NULL, NULL, NULL, NULL, NULL, NULL, NULL, NULL),
(86, 'session_changed', NULL, NULL, NULL, NULL, NULL, NULL, NULL, NULL, NULL, NULL, NULL, NULL, NULL, NULL, NULL, NULL, NULL, NULL, NULL, NULL, NULL),
(87, 'manage_class', NULL, NULL, NULL, NULL, NULL, NULL, NULL, NULL, NULL, NULL, NULL, NULL, NULL, NULL, NULL, NULL, NULL, NULL, NULL, NULL, NULL),
(88, 'class_list', NULL, NULL, NULL, NULL, NULL, NULL, NULL, NULL, NULL, NULL, NULL, NULL, NULL, NULL, NULL, NULL, NULL, NULL, NULL, NULL, NULL),
(89, 'add_class', NULL, NULL, NULL, NULL, NULL, NULL, NULL, NULL, NULL, NULL, NULL, NULL, NULL, NULL, NULL, NULL, NULL, NULL, NULL, NULL, NULL),
(90, 'class_name', NULL, NULL, NULL, NULL, NULL, NULL, NULL, NULL, NULL, NULL, NULL, NULL, NULL, NULL, NULL, NULL, NULL, NULL, NULL, NULL, NULL),
(91, 'numeric_name', NULL, NULL, NULL, NULL, NULL, NULL, NULL, NULL, NULL, NULL, NULL, NULL, NULL, NULL, NULL, NULL, NULL, NULL, NULL, NULL, NULL),
(92, 'name_numeric', NULL, NULL, NULL, NULL, NULL, NULL, NULL, NULL, NULL, NULL, NULL, NULL, NULL, NULL, NULL, NULL, NULL, NULL, NULL, NULL, NULL),
(93, 'manage_teacher', NULL, NULL, NULL, NULL, NULL, NULL, NULL, NULL, NULL, NULL, NULL, NULL, NULL, NULL, NULL, NULL, NULL, NULL, NULL, NULL, NULL),
(94, 'add_new_teacher', NULL, NULL, NULL, NULL, NULL, NULL, NULL, NULL, NULL, NULL, NULL, NULL, NULL, NULL, NULL, NULL, NULL, NULL, NULL, NULL, NULL),
(95, 'add_teacher', NULL, NULL, NULL, NULL, NULL, NULL, NULL, NULL, NULL, NULL, NULL, NULL, NULL, NULL, NULL, NULL, NULL, NULL, NULL, NULL, NULL),
(96, 'birthday', NULL, NULL, NULL, NULL, NULL, NULL, NULL, NULL, NULL, NULL, NULL, NULL, NULL, NULL, NULL, NULL, NULL, NULL, NULL, NULL, NULL),
(97, 'gender', NULL, NULL, NULL, NULL, NULL, NULL, NULL, NULL, NULL, NULL, NULL, NULL, NULL, NULL, NULL, NULL, NULL, NULL, NULL, NULL, NULL),
(98, 'select', NULL, NULL, NULL, NULL, NULL, NULL, NULL, NULL, NULL, NULL, NULL, NULL, NULL, NULL, NULL, NULL, NULL, NULL, NULL, NULL, NULL),
(99, 'male', NULL, NULL, NULL, NULL, NULL, NULL, NULL, NULL, NULL, NULL, NULL, NULL, NULL, NULL, NULL, NULL, NULL, NULL, NULL, NULL, NULL),
(100, 'female', NULL, NULL, NULL, NULL, NULL, NULL, NULL, NULL, NULL, NULL, NULL, NULL, NULL, NULL, NULL, NULL, NULL, NULL, NULL, NULL, NULL),
(101, 'data_added_successfully', NULL, NULL, NULL, NULL, NULL, NULL, NULL, NULL, NULL, NULL, NULL, NULL, NULL, NULL, NULL, NULL, NULL, NULL, NULL, NULL, NULL),
(102, 'edit_teacher', NULL, NULL, NULL, NULL, NULL, NULL, NULL, NULL, NULL, NULL, NULL, NULL, NULL, NULL, NULL, NULL, NULL, NULL, NULL, NULL, NULL),
(103, 'sex', NULL, NULL, NULL, NULL, NULL, NULL, NULL, NULL, NULL, NULL, NULL, NULL, NULL, NULL, NULL, NULL, NULL, NULL, NULL, NULL, NULL),
(104, 'data_updated', NULL, NULL, NULL, NULL, NULL, NULL, NULL, NULL, NULL, NULL, NULL, NULL, NULL, NULL, NULL, NULL, NULL, NULL, NULL, NULL, NULL),
(105, 'data_deleted', NULL, NULL, NULL, NULL, NULL, NULL, NULL, NULL, NULL, NULL, NULL, NULL, NULL, NULL, NULL, NULL, NULL, NULL, NULL, NULL, NULL),
(106, 'add_new_section', NULL, NULL, NULL, NULL, NULL, NULL, NULL, NULL, NULL, NULL, NULL, NULL, NULL, NULL, NULL, NULL, NULL, NULL, NULL, NULL, NULL),
(107, 'section_name', NULL, NULL, NULL, NULL, NULL, NULL, NULL, NULL, NULL, NULL, NULL, NULL, NULL, NULL, NULL, NULL, NULL, NULL, NULL, NULL, NULL),
(108, 'nick_name', NULL, NULL, NULL, NULL, NULL, NULL, NULL, NULL, NULL, NULL, NULL, NULL, NULL, NULL, NULL, NULL, NULL, NULL, NULL, NULL, NULL),
(109, 'add_section', NULL, NULL, NULL, NULL, NULL, NULL, NULL, NULL, NULL, NULL, NULL, NULL, NULL, NULL, NULL, NULL, NULL, NULL, NULL, NULL, NULL),
(110, 'update', NULL, NULL, NULL, NULL, NULL, NULL, NULL, NULL, NULL, NULL, NULL, NULL, NULL, NULL, NULL, NULL, NULL, NULL, NULL, NULL, NULL),
(111, 'all_parents', NULL, NULL, NULL, NULL, NULL, NULL, NULL, NULL, NULL, NULL, NULL, NULL, NULL, NULL, NULL, NULL, NULL, NULL, NULL, NULL, NULL),
(112, 'parent_list', NULL, NULL, NULL, NULL, NULL, NULL, NULL, NULL, NULL, NULL, NULL, NULL, NULL, NULL, NULL, NULL, NULL, NULL, NULL, NULL, NULL),
(113, 'add_parent', NULL, NULL, NULL, NULL, NULL, NULL, NULL, NULL, NULL, NULL, NULL, NULL, NULL, NULL, NULL, NULL, NULL, NULL, NULL, NULL, NULL),
(114, 'profession', NULL, NULL, NULL, NULL, NULL, NULL, NULL, NULL, NULL, NULL, NULL, NULL, NULL, NULL, NULL, NULL, NULL, NULL, NULL, NULL, NULL),
(115, 'manage_dormitory', NULL, NULL, NULL, NULL, NULL, NULL, NULL, NULL, NULL, NULL, NULL, NULL, NULL, NULL, NULL, NULL, NULL, NULL, NULL, NULL, NULL),
(116, 'dormitory_list', NULL, NULL, NULL, NULL, NULL, NULL, NULL, NULL, NULL, NULL, NULL, NULL, NULL, NULL, NULL, NULL, NULL, NULL, NULL, NULL, NULL),
(117, 'add_dormitory', NULL, NULL, NULL, NULL, NULL, NULL, NULL, NULL, NULL, NULL, NULL, NULL, NULL, NULL, NULL, NULL, NULL, NULL, NULL, NULL, NULL),
(118, 'dormitory_name', NULL, NULL, NULL, NULL, NULL, NULL, NULL, NULL, NULL, NULL, NULL, NULL, NULL, NULL, NULL, NULL, NULL, NULL, NULL, NULL, NULL),
(119, 'number_of_room', NULL, NULL, NULL, NULL, NULL, NULL, NULL, NULL, NULL, NULL, NULL, NULL, NULL, NULL, NULL, NULL, NULL, NULL, NULL, NULL, NULL),
(120, 'description', NULL, NULL, NULL, NULL, NULL, NULL, NULL, NULL, NULL, NULL, NULL, NULL, NULL, NULL, NULL, NULL, NULL, NULL, NULL, NULL, NULL),
(121, 'manage_subject', NULL, NULL, NULL, NULL, NULL, NULL, NULL, NULL, NULL, NULL, NULL, NULL, NULL, NULL, NULL, NULL, NULL, NULL, NULL, NULL, NULL),
(122, 'subject_list', NULL, NULL, NULL, NULL, NULL, NULL, NULL, NULL, NULL, NULL, NULL, NULL, NULL, NULL, NULL, NULL, NULL, NULL, NULL, NULL, NULL),
(123, 'add_subject', NULL, NULL, NULL, NULL, NULL, NULL, NULL, NULL, NULL, NULL, NULL, NULL, NULL, NULL, NULL, NULL, NULL, NULL, NULL, NULL, NULL),
(124, 'subject_name', NULL, NULL, NULL, NULL, NULL, NULL, NULL, NULL, NULL, NULL, NULL, NULL, NULL, NULL, NULL, NULL, NULL, NULL, NULL, NULL, NULL),
(125, 'add_student', NULL, NULL, NULL, NULL, NULL, NULL, NULL, NULL, NULL, NULL, NULL, NULL, NULL, NULL, NULL, NULL, NULL, NULL, NULL, NULL, NULL),
(126, 'addmission_form', NULL, NULL, NULL, NULL, NULL, NULL, NULL, NULL, NULL, NULL, NULL, NULL, NULL, NULL, NULL, NULL, NULL, NULL, NULL, NULL, NULL),
(127, 'Dormitory', NULL, NULL, NULL, NULL, NULL, NULL, NULL, NULL, NULL, NULL, NULL, NULL, NULL, NULL, NULL, NULL, NULL, NULL, NULL, NULL, NULL),
(128, 'section', NULL, NULL, NULL, NULL, NULL, NULL, NULL, NULL, NULL, NULL, NULL, NULL, NULL, NULL, NULL, NULL, NULL, NULL, NULL, NULL, NULL),
(129, 'select_class_first', NULL, NULL, NULL, NULL, NULL, NULL, NULL, NULL, NULL, NULL, NULL, NULL, NULL, NULL, NULL, NULL, NULL, NULL, NULL, NULL, NULL),
(130, 'roll', NULL, NULL, NULL, NULL, NULL, NULL, NULL, NULL, NULL, NULL, NULL, NULL, NULL, NULL, NULL, NULL, NULL, NULL, NULL, NULL, NULL),
(131, 'Dormitory', NULL, NULL, NULL, NULL, NULL, NULL, NULL, NULL, NULL, NULL, NULL, NULL, NULL, NULL, NULL, NULL, NULL, NULL, NULL, NULL, NULL),
(132, 'add_new_student', NULL, NULL, NULL, NULL, NULL, NULL, NULL, NULL, NULL, NULL, NULL, NULL, NULL, NULL, NULL, NULL, NULL, NULL, NULL, NULL, NULL),
(133, 'all_students', NULL, NULL, NULL, NULL, NULL, NULL, NULL, NULL, NULL, NULL, NULL, NULL, NULL, NULL, NULL, NULL, NULL, NULL, NULL, NULL, NULL),
(134, 'student_id', NULL, NULL, NULL, NULL, NULL, NULL, NULL, NULL, NULL, NULL, NULL, NULL, NULL, NULL, NULL, NULL, NULL, NULL, NULL, NULL, NULL),
(135, 'profile', NULL, NULL, NULL, NULL, NULL, NULL, NULL, NULL, NULL, NULL, NULL, NULL, NULL, NULL, NULL, NULL, NULL, NULL, NULL, NULL, NULL),
(136, 'Dormitory', NULL, NULL, NULL, NULL, NULL, NULL, NULL, NULL, NULL, NULL, NULL, NULL, NULL, NULL, NULL, NULL, NULL, NULL, NULL, NULL, NULL),
(137, 'Dormitory', NULL, NULL, NULL, NULL, NULL, NULL, NULL, NULL, NULL, NULL, NULL, NULL, NULL, NULL, NULL, NULL, NULL, NULL, NULL, NULL, NULL),
(138, 'edit_student', NULL, NULL, NULL, NULL, NULL, NULL, NULL, NULL, NULL, NULL, NULL, NULL, NULL, NULL, NULL, NULL, NULL, NULL, NULL, NULL, NULL),
(139, 'data_updated_without_picture', NULL, NULL, NULL, NULL, NULL, NULL, NULL, NULL, NULL, NULL, NULL, NULL, NULL, NULL, NULL, NULL, NULL, NULL, NULL, NULL, NULL),
(140, 'manage_class_routine', NULL, NULL, NULL, NULL, NULL, NULL, NULL, NULL, NULL, NULL, NULL, NULL, NULL, NULL, NULL, NULL, NULL, NULL, NULL, NULL, NULL),
(141, 'class_routine_list', NULL, NULL, NULL, NULL, NULL, NULL, NULL, NULL, NULL, NULL, NULL, NULL, NULL, NULL, NULL, NULL, NULL, NULL, NULL, NULL, NULL),
(142, 'add_class_routine', NULL, NULL, NULL, NULL, NULL, NULL, NULL, NULL, NULL, NULL, NULL, NULL, NULL, NULL, NULL, NULL, NULL, NULL, NULL, NULL, NULL),
(143, 'print', NULL, NULL, NULL, NULL, NULL, NULL, NULL, NULL, NULL, NULL, NULL, NULL, NULL, NULL, NULL, NULL, NULL, NULL, NULL, NULL, NULL),
(144, 'select_class', NULL, NULL, NULL, NULL, NULL, NULL, NULL, NULL, NULL, NULL, NULL, NULL, NULL, NULL, NULL, NULL, NULL, NULL, NULL, NULL, NULL),
(145, 'day', NULL, NULL, NULL, NULL, NULL, NULL, NULL, NULL, NULL, NULL, NULL, NULL, NULL, NULL, NULL, NULL, NULL, NULL, NULL, NULL, NULL),
(146, 'starting_time', NULL, NULL, NULL, NULL, NULL, NULL, NULL, NULL, NULL, NULL, NULL, NULL, NULL, NULL, NULL, NULL, NULL, NULL, NULL, NULL, NULL),
(147, 'hour', NULL, NULL, NULL, NULL, NULL, NULL, NULL, NULL, NULL, NULL, NULL, NULL, NULL, NULL, NULL, NULL, NULL, NULL, NULL, NULL, NULL),
(148, 'minutes', NULL, NULL, NULL, NULL, NULL, NULL, NULL, NULL, NULL, NULL, NULL, NULL, NULL, NULL, NULL, NULL, NULL, NULL, NULL, NULL, NULL),
(149, 'ending_time', NULL, NULL, NULL, NULL, NULL, NULL, NULL, NULL, NULL, NULL, NULL, NULL, NULL, NULL, NULL, NULL, NULL, NULL, NULL, NULL, NULL),
(150, 'time_table', NULL, NULL, NULL, NULL, NULL, NULL, NULL, NULL, NULL, NULL, NULL, NULL, NULL, NULL, NULL, NULL, NULL, NULL, NULL, NULL, NULL),
(151, 'time_table', NULL, NULL, NULL, NULL, NULL, NULL, NULL, NULL, NULL, NULL, NULL, NULL, NULL, NULL, NULL, NULL, NULL, NULL, NULL, NULL, NULL),
(152, 'manage_daily_attendance', NULL, NULL, NULL, NULL, NULL, NULL, NULL, NULL, NULL, NULL, NULL, NULL, NULL, NULL, NULL, NULL, NULL, NULL, NULL, NULL, NULL),
(153, 'select_date', NULL, NULL, NULL, NULL, NULL, NULL, NULL, NULL, NULL, NULL, NULL, NULL, NULL, NULL, NULL, NULL, NULL, NULL, NULL, NULL, NULL),
(154, 'select_month', NULL, NULL, NULL, NULL, NULL, NULL, NULL, NULL, NULL, NULL, NULL, NULL, NULL, NULL, NULL, NULL, NULL, NULL, NULL, NULL, NULL),
(155, 'select_year', NULL, NULL, NULL, NULL, NULL, NULL, NULL, NULL, NULL, NULL, NULL, NULL, NULL, NULL, NULL, NULL, NULL, NULL, NULL, NULL, NULL),
(156, 'select_section', NULL, NULL, NULL, NULL, NULL, NULL, NULL, NULL, NULL, NULL, NULL, NULL, NULL, NULL, NULL, NULL, NULL, NULL, NULL, NULL, NULL),
(157, 'status', NULL, NULL, NULL, NULL, NULL, NULL, NULL, NULL, NULL, NULL, NULL, NULL, NULL, NULL, NULL, NULL, NULL, NULL, NULL, NULL, NULL),
(158, 'service_is_disabled', NULL, NULL, NULL, NULL, NULL, NULL, NULL, NULL, NULL, NULL, NULL, NULL, NULL, NULL, NULL, NULL, NULL, NULL, NULL, NULL, NULL),
(159, 'present', NULL, NULL, NULL, NULL, NULL, NULL, NULL, NULL, NULL, NULL, NULL, NULL, NULL, NULL, NULL, NULL, NULL, NULL, NULL, NULL, NULL),
(160, 'month', NULL, NULL, NULL, NULL, NULL, NULL, NULL, NULL, NULL, NULL, NULL, NULL, NULL, NULL, NULL, NULL, NULL, NULL, NULL, NULL, NULL),
(161, 'show_report', NULL, NULL, NULL, NULL, NULL, NULL, NULL, NULL, NULL, NULL, NULL, NULL, NULL, NULL, NULL, NULL, NULL, NULL, NULL, NULL, NULL),
(162, 'attendance_report_of_class', NULL, NULL, NULL, NULL, NULL, NULL, NULL, NULL, NULL, NULL, NULL, NULL, NULL, NULL, NULL, NULL, NULL, NULL, NULL, NULL, NULL),
(163, 'attendance_sheet', NULL, NULL, NULL, NULL, NULL, NULL, NULL, NULL, NULL, NULL, NULL, NULL, NULL, NULL, NULL, NULL, NULL, NULL, NULL, NULL, NULL),
(164, 'students', NULL, NULL, NULL, NULL, NULL, NULL, NULL, NULL, NULL, NULL, NULL, NULL, NULL, NULL, NULL, NULL, NULL, NULL, NULL, NULL, NULL),
(165, 'date', NULL, NULL, NULL, NULL, NULL, NULL, NULL, NULL, NULL, NULL, NULL, NULL, NULL, NULL, NULL, NULL, NULL, NULL, NULL, NULL, NULL),
(166, 'print_attendance_sheet', NULL, NULL, NULL, NULL, NULL, NULL, NULL, NULL, NULL, NULL, NULL, NULL, NULL, NULL, NULL, NULL, NULL, NULL, NULL, NULL, NULL),
(167, 'manage_exam', NULL, NULL, NULL, NULL, NULL, NULL, NULL, NULL, NULL, NULL, NULL, NULL, NULL, NULL, NULL, NULL, NULL, NULL, NULL, NULL, NULL),
(168, 'add_exam', NULL, NULL, NULL, NULL, NULL, NULL, NULL, NULL, NULL, NULL, NULL, NULL, NULL, NULL, NULL, NULL, NULL, NULL, NULL, NULL, NULL),
(169, 'exam_name', NULL, NULL, NULL, NULL, NULL, NULL, NULL, NULL, NULL, NULL, NULL, NULL, NULL, NULL, NULL, NULL, NULL, NULL, NULL, NULL, NULL),
(170, 'comment', NULL, NULL, NULL, NULL, NULL, NULL, NULL, NULL, NULL, NULL, NULL, NULL, NULL, NULL, NULL, NULL, NULL, NULL, NULL, NULL, NULL),
(171, 'manage_grade', NULL, NULL, NULL, NULL, NULL, NULL, NULL, NULL, NULL, NULL, NULL, NULL, NULL, NULL, NULL, NULL, NULL, NULL, NULL, NULL, NULL),
(172, 'grade_list', NULL, NULL, NULL, NULL, NULL, NULL, NULL, NULL, NULL, NULL, NULL, NULL, NULL, NULL, NULL, NULL, NULL, NULL, NULL, NULL, NULL),
(173, 'add_grade', NULL, NULL, NULL, NULL, NULL, NULL, NULL, NULL, NULL, NULL, NULL, NULL, NULL, NULL, NULL, NULL, NULL, NULL, NULL, NULL, NULL),
(174, 'grade_name', NULL, NULL, NULL, NULL, NULL, NULL, NULL, NULL, NULL, NULL, NULL, NULL, NULL, NULL, NULL, NULL, NULL, NULL, NULL, NULL, NULL),
(175, 'grade_point', NULL, NULL, NULL, NULL, NULL, NULL, NULL, NULL, NULL, NULL, NULL, NULL, NULL, NULL, NULL, NULL, NULL, NULL, NULL, NULL, NULL),
(176, 'mark_from', NULL, NULL, NULL, NULL, NULL, NULL, NULL, NULL, NULL, NULL, NULL, NULL, NULL, NULL, NULL, NULL, NULL, NULL, NULL, NULL, NULL),
(177, 'mark_upto', NULL, NULL, NULL, NULL, NULL, NULL, NULL, NULL, NULL, NULL, NULL, NULL, NULL, NULL, NULL, NULL, NULL, NULL, NULL, NULL, NULL),
(178, 'manage_exam_marks', NULL, NULL, NULL, NULL, NULL, NULL, NULL, NULL, NULL, NULL, NULL, NULL, NULL, NULL, NULL, NULL, NULL, NULL, NULL, NULL, NULL),
(179, 'marks_for', NULL, NULL, NULL, NULL, NULL, NULL, NULL, NULL, NULL, NULL, NULL, NULL, NULL, NULL, NULL, NULL, NULL, NULL, NULL, NULL, NULL),
(180, 'class:', NULL, NULL, NULL, NULL, NULL, NULL, NULL, NULL, NULL, NULL, NULL, NULL, NULL, NULL, NULL, NULL, NULL, NULL, NULL, NULL, NULL),
(181, 'class_score', NULL, NULL, NULL, NULL, NULL, NULL, NULL, NULL, NULL, NULL, NULL, NULL, NULL, NULL, NULL, NULL, NULL, NULL, NULL, NULL, NULL),
(182, 'exam_score', NULL, NULL, NULL, NULL, NULL, NULL, NULL, NULL, NULL, NULL, NULL, NULL, NULL, NULL, NULL, NULL, NULL, NULL, NULL, NULL, NULL),
(183, 'total_marks', NULL, NULL, NULL, NULL, NULL, NULL, NULL, NULL, NULL, NULL, NULL, NULL, NULL, NULL, NULL, NULL, NULL, NULL, NULL, NULL, NULL),
(184, 'save_changes', NULL, NULL, NULL, NULL, NULL, NULL, NULL, NULL, NULL, NULL, NULL, NULL, NULL, NULL, NULL, NULL, NULL, NULL, NULL, NULL, NULL),
(185, 'marks_updated', NULL, NULL, NULL, NULL, NULL, NULL, NULL, NULL, NULL, NULL, NULL, NULL, NULL, NULL, NULL, NULL, NULL, NULL, NULL, NULL, NULL),
(186, 'manage_invoice/payment', NULL, NULL, NULL, NULL, NULL, NULL, NULL, NULL, NULL, NULL, NULL, NULL, NULL, NULL, NULL, NULL, NULL, NULL, NULL, NULL, NULL),
(187, 'invoice/payment_list', NULL, NULL, NULL, NULL, NULL, NULL, NULL, NULL, NULL, NULL, NULL, NULL, NULL, NULL, NULL, NULL, NULL, NULL, NULL, NULL, NULL),
(188, 'add_invoice/payment', NULL, NULL, NULL, NULL, NULL, NULL, NULL, NULL, NULL, NULL, NULL, NULL, NULL, NULL, NULL, NULL, NULL, NULL, NULL, NULL, NULL),
(189, 'add_budge_invoice', NULL, NULL, NULL, NULL, NULL, NULL, NULL, NULL, NULL, NULL, NULL, NULL, NULL, NULL, NULL, NULL, NULL, NULL, NULL, NULL, NULL),
(190, 'title', NULL, NULL, NULL, NULL, NULL, NULL, NULL, NULL, NULL, NULL, NULL, NULL, NULL, NULL, NULL, NULL, NULL, NULL, NULL, NULL, NULL),
(191, 'total', NULL, NULL, NULL, NULL, NULL, NULL, NULL, NULL, NULL, NULL, NULL, NULL, NULL, NULL, NULL, NULL, NULL, NULL, NULL, NULL, NULL),
(192, 'paid', NULL, NULL, NULL, NULL, NULL, NULL, NULL, NULL, NULL, NULL, NULL, NULL, NULL, NULL, NULL, NULL, NULL, NULL, NULL, NULL, NULL),
(193, 'invoice_informations', NULL, NULL, NULL, NULL, NULL, NULL, NULL, NULL, NULL, NULL, NULL, NULL, NULL, NULL, NULL, NULL, NULL, NULL, NULL, NULL, NULL),
(194, 'payment_informations', NULL, NULL, NULL, NULL, NULL, NULL, NULL, NULL, NULL, NULL, NULL, NULL, NULL, NULL, NULL, NULL, NULL, NULL, NULL, NULL, NULL),
(195, 'enter_total_amount', NULL, NULL, NULL, NULL, NULL, NULL, NULL, NULL, NULL, NULL, NULL, NULL, NULL, NULL, NULL, NULL, NULL, NULL, NULL, NULL, NULL),
(196, 'enter_payment_amount', NULL, NULL, NULL, NULL, NULL, NULL, NULL, NULL, NULL, NULL, NULL, NULL, NULL, NULL, NULL, NULL, NULL, NULL, NULL, NULL, NULL),
(197, 'unpaid', NULL, NULL, NULL, NULL, NULL, NULL, NULL, NULL, NULL, NULL, NULL, NULL, NULL, NULL, NULL, NULL, NULL, NULL, NULL, NULL, NULL),
(198, 'method', NULL, NULL, NULL, NULL, NULL, NULL, NULL, NULL, NULL, NULL, NULL, NULL, NULL, NULL, NULL, NULL, NULL, NULL, NULL, NULL, NULL),
(199, 'cash', NULL, NULL, NULL, NULL, NULL, NULL, NULL, NULL, NULL, NULL, NULL, NULL, NULL, NULL, NULL, NULL, NULL, NULL, NULL, NULL, NULL),
(200, 'check', NULL, NULL, NULL, NULL, NULL, NULL, NULL, NULL, NULL, NULL, NULL, NULL, NULL, NULL, NULL, NULL, NULL, NULL, NULL, NULL, NULL),
(201, 'card', NULL, NULL, NULL, NULL, NULL, NULL, NULL, NULL, NULL, NULL, NULL, NULL, NULL, NULL, NULL, NULL, NULL, NULL, NULL, NULL, NULL),
(202, 'add_invoice', NULL, NULL, NULL, NULL, NULL, NULL, NULL, NULL, NULL, NULL, NULL, NULL, NULL, NULL, NULL, NULL, NULL, NULL, NULL, NULL, NULL),
(203, 'take_payment', NULL, NULL, NULL, NULL, NULL, NULL, NULL, NULL, NULL, NULL, NULL, NULL, NULL, NULL, NULL, NULL, NULL, NULL, NULL, NULL, NULL),
(204, 'view_invoice', NULL, NULL, NULL, NULL, NULL, NULL, NULL, NULL, NULL, NULL, NULL, NULL, NULL, NULL, NULL, NULL, NULL, NULL, NULL, NULL, NULL),
(205, 'creation_date', NULL, NULL, NULL, NULL, NULL, NULL, NULL, NULL, NULL, NULL, NULL, NULL, NULL, NULL, NULL, NULL, NULL, NULL, NULL, NULL, NULL),
(206, 'payment_to', NULL, NULL, NULL, NULL, NULL, NULL, NULL, NULL, NULL, NULL, NULL, NULL, NULL, NULL, NULL, NULL, NULL, NULL, NULL, NULL, NULL),
(207, 'bill_to', NULL, NULL, NULL, NULL, NULL, NULL, NULL, NULL, NULL, NULL, NULL, NULL, NULL, NULL, NULL, NULL, NULL, NULL, NULL, NULL, NULL),
(208, 'total_amount', NULL, NULL, NULL, NULL, NULL, NULL, NULL, NULL, NULL, NULL, NULL, NULL, NULL, NULL, NULL, NULL, NULL, NULL, NULL, NULL, NULL),
(209, 'paid_amount', NULL, NULL, NULL, NULL, NULL, NULL, NULL, NULL, NULL, NULL, NULL, NULL, NULL, NULL, NULL, NULL, NULL, NULL, NULL, NULL, NULL),
(210, 'due', NULL, NULL, NULL, NULL, NULL, NULL, NULL, NULL, NULL, NULL, NULL, NULL, NULL, NULL, NULL, NULL, NULL, NULL, NULL, NULL, NULL),
(211, 'payment_history', NULL, NULL, NULL, NULL, NULL, NULL, NULL, NULL, NULL, NULL, NULL, NULL, NULL, NULL, NULL, NULL, NULL, NULL, NULL, NULL, NULL),
(212, 'amount', NULL, NULL, NULL, NULL, NULL, NULL, NULL, NULL, NULL, NULL, NULL, NULL, NULL, NULL, NULL, NULL, NULL, NULL, NULL, NULL, NULL),
(213, 'amount_paid', NULL, NULL, NULL, NULL, NULL, NULL, NULL, NULL, NULL, NULL, NULL, NULL, NULL, NULL, NULL, NULL, NULL, NULL, NULL, NULL, NULL),
(214, 'payment_successfull', NULL, NULL, NULL, NULL, NULL, NULL, NULL, NULL, NULL, NULL, NULL, NULL, NULL, NULL, NULL, NULL, NULL, NULL, NULL, NULL, NULL),
(215, 'incomes', NULL, NULL, NULL, NULL, NULL, NULL, NULL, NULL, NULL, NULL, NULL, NULL, NULL, NULL, NULL, NULL, NULL, NULL, NULL, NULL, NULL),
(216, 'expenses', NULL, NULL, NULL, NULL, NULL, NULL, NULL, NULL, NULL, NULL, NULL, NULL, NULL, NULL, NULL, NULL, NULL, NULL, NULL, NULL, NULL),
(217, 'add_new_expense', NULL, NULL, NULL, NULL, NULL, NULL, NULL, NULL, NULL, NULL, NULL, NULL, NULL, NULL, NULL, NULL, NULL, NULL, NULL, NULL, NULL),
(218, 'category', NULL, NULL, NULL, NULL, NULL, NULL, NULL, NULL, NULL, NULL, NULL, NULL, NULL, NULL, NULL, NULL, NULL, NULL, NULL, NULL, NULL),
(219, 'manage_noticeboard', NULL, NULL, NULL, NULL, NULL, NULL, NULL, NULL, NULL, NULL, NULL, NULL, NULL, NULL, NULL, NULL, NULL, NULL, NULL, NULL, NULL),
(220, 'noticeboard_list', NULL, NULL, NULL, NULL, NULL, NULL, NULL, NULL, NULL, NULL, NULL, NULL, NULL, NULL, NULL, NULL, NULL, NULL, NULL, NULL, NULL),
(221, 'add_noticeboard', NULL, NULL, NULL, NULL, NULL, NULL, NULL, NULL, NULL, NULL, NULL, NULL, NULL, NULL, NULL, NULL, NULL, NULL, NULL, NULL, NULL),
(222, 'running', NULL, NULL, NULL, NULL, NULL, NULL, NULL, NULL, NULL, NULL, NULL, NULL, NULL, NULL, NULL, NULL, NULL, NULL, NULL, NULL, NULL),
(223, 'archived', NULL, NULL, NULL, NULL, NULL, NULL, NULL, NULL, NULL, NULL, NULL, NULL, NULL, NULL, NULL, NULL, NULL, NULL, NULL, NULL, NULL),
(224, 'notice', NULL, NULL, NULL, NULL, NULL, NULL, NULL, NULL, NULL, NULL, NULL, NULL, NULL, NULL, NULL, NULL, NULL, NULL, NULL, NULL, NULL),
(225, 'add_notice', NULL, NULL, NULL, NULL, NULL, NULL, NULL, NULL, NULL, NULL, NULL, NULL, NULL, NULL, NULL, NULL, NULL, NULL, NULL, NULL, NULL),
(226, 'send_sms_to_all', NULL, NULL, NULL, NULL, NULL, NULL, NULL, NULL, NULL, NULL, NULL, NULL, NULL, NULL, NULL, NULL, NULL, NULL, NULL, NULL, NULL),
(227, 'yes', NULL, NULL, NULL, NULL, NULL, NULL, NULL, NULL, NULL, NULL, NULL, NULL, NULL, NULL, NULL, NULL, NULL, NULL, NULL, NULL, NULL),
(228, 'no', NULL, NULL, NULL, NULL, NULL, NULL, NULL, NULL, NULL, NULL, NULL, NULL, NULL, NULL, NULL, NULL, NULL, NULL, NULL, NULL, NULL),
(229, 'sms_service_not_activated', NULL, NULL, NULL, NULL, NULL, NULL, NULL, NULL, NULL, NULL, NULL, NULL, NULL, NULL, NULL, NULL, NULL, NULL, NULL, NULL, NULL),
(230, 'print/view_notice', NULL, NULL, NULL, NULL, NULL, NULL, NULL, NULL, NULL, NULL, NULL, NULL, NULL, NULL, NULL, NULL, NULL, NULL, NULL, NULL, NULL),
(231, 'mark_archive', NULL, NULL, NULL, NULL, NULL, NULL, NULL, NULL, NULL, NULL, NULL, NULL, NULL, NULL, NULL, NULL, NULL, NULL, NULL, NULL, NULL),
(232, 'private_messaging', NULL, NULL, NULL, NULL, NULL, NULL, NULL, NULL, NULL, NULL, NULL, NULL, NULL, NULL, NULL, NULL, NULL, NULL, NULL, NULL, NULL),
(233, 'messages', NULL, NULL, NULL, NULL, NULL, NULL, NULL, NULL, NULL, NULL, NULL, NULL, NULL, NULL, NULL, NULL, NULL, NULL, NULL, NULL, NULL),
(234, 'new_message', NULL, NULL, NULL, NULL, NULL, NULL, NULL, NULL, NULL, NULL, NULL, NULL, NULL, NULL, NULL, NULL, NULL, NULL, NULL, NULL, NULL),
(235, 'system_name', NULL, NULL, NULL, NULL, NULL, NULL, NULL, NULL, NULL, NULL, NULL, NULL, NULL, NULL, NULL, NULL, NULL, NULL, NULL, NULL, NULL),
(236, 'theme_settings', NULL, NULL, NULL, NULL, NULL, NULL, NULL, NULL, NULL, NULL, NULL, NULL, NULL, NULL, NULL, NULL, NULL, NULL, NULL, NULL, NULL),
(237, 'default', NULL, NULL, NULL, NULL, NULL, NULL, NULL, NULL, NULL, NULL, NULL, NULL, NULL, NULL, NULL, NULL, NULL, NULL, NULL, NULL, NULL),
(238, 'select_theme', NULL, NULL, NULL, NULL, NULL, NULL, NULL, NULL, NULL, NULL, NULL, NULL, NULL, NULL, NULL, NULL, NULL, NULL, NULL, NULL, NULL),
(239, 'select_a_theme_to_make_changes', NULL, NULL, NULL, NULL, NULL, NULL, NULL, NULL, NULL, NULL, NULL, NULL, NULL, NULL, NULL, NULL, NULL, NULL, NULL, NULL, NULL),
(240, 'settings_updated', NULL, NULL, NULL, NULL, NULL, NULL, NULL, NULL, NULL, NULL, NULL, NULL, NULL, NULL, NULL, NULL, NULL, NULL, NULL, NULL, NULL),
(241, 'manage_profile', NULL, NULL, NULL, NULL, NULL, NULL, NULL, NULL, NULL, NULL, NULL, NULL, NULL, NULL, NULL, NULL, NULL, NULL, NULL, NULL, NULL),
(242, 'update_profile', NULL, NULL, NULL, NULL, NULL, NULL, NULL, NULL, NULL, NULL, NULL, NULL, NULL, NULL, NULL, NULL, NULL, NULL, NULL, NULL, NULL),
(243, 'current_password', NULL, NULL, NULL, NULL, NULL, NULL, NULL, NULL, NULL, NULL, NULL, NULL, NULL, NULL, NULL, NULL, NULL, NULL, NULL, NULL, NULL),
(244, 'new_password', NULL, NULL, NULL, NULL, NULL, NULL, NULL, NULL, NULL, NULL, NULL, NULL, NULL, NULL, NULL, NULL, NULL, NULL, NULL, NULL, NULL),
(245, 'confirm_new_password', NULL, NULL, NULL, NULL, NULL, NULL, NULL, NULL, NULL, NULL, NULL, NULL, NULL, NULL, NULL, NULL, NULL, NULL, NULL, NULL, NULL),
(246, 'account_updated', NULL, NULL, NULL, NULL, NULL, NULL, NULL, NULL, NULL, NULL, NULL, NULL, NULL, NULL, NULL, NULL, NULL, NULL, NULL, NULL, NULL),
(247, 'manage_library_books', NULL, NULL, NULL, NULL, NULL, NULL, NULL, NULL, NULL, NULL, NULL, NULL, NULL, NULL, NULL, NULL, NULL, NULL, NULL, NULL, NULL),
(248, 'book_list', NULL, NULL, NULL, NULL, NULL, NULL, NULL, NULL, NULL, NULL, NULL, NULL, NULL, NULL, NULL, NULL, NULL, NULL, NULL, NULL, NULL),
(249, 'add_book', NULL, NULL, NULL, NULL, NULL, NULL, NULL, NULL, NULL, NULL, NULL, NULL, NULL, NULL, NULL, NULL, NULL, NULL, NULL, NULL, NULL),
(250, 'book_name', NULL, NULL, NULL, NULL, NULL, NULL, NULL, NULL, NULL, NULL, NULL, NULL, NULL, NULL, NULL, NULL, NULL, NULL, NULL, NULL, NULL),
(251, 'author', NULL, NULL, NULL, NULL, NULL, NULL, NULL, NULL, NULL, NULL, NULL, NULL, NULL, NULL, NULL, NULL, NULL, NULL, NULL, NULL, NULL),
(252, 'price', NULL, NULL, NULL, NULL, NULL, NULL, NULL, NULL, NULL, NULL, NULL, NULL, NULL, NULL, NULL, NULL, NULL, NULL, NULL, NULL, NULL),
(253, 'available', NULL, NULL, NULL, NULL, NULL, NULL, NULL, NULL, NULL, NULL, NULL, NULL, NULL, NULL, NULL, NULL, NULL, NULL, NULL, NULL, NULL),
(254, 'unavailable', NULL, NULL, NULL, NULL, NULL, NULL, NULL, NULL, NULL, NULL, NULL, NULL, NULL, NULL, NULL, NULL, NULL, NULL, NULL, NULL, NULL),
(255, 'data_updated_successfully', NULL, NULL, NULL, NULL, NULL, NULL, NULL, NULL, NULL, NULL, NULL, NULL, NULL, NULL, NULL, NULL, NULL, NULL, NULL, NULL, NULL),
(256, 'teacher_dashboard', NULL, NULL, NULL, NULL, NULL, NULL, NULL, NULL, NULL, NULL, NULL, NULL, NULL, NULL, NULL, NULL, NULL, NULL, NULL, NULL, NULL),
(257, 'syllabus', NULL, NULL, NULL, NULL, NULL, NULL, NULL, NULL, NULL, NULL, NULL, NULL, NULL, NULL, NULL, NULL, NULL, NULL, NULL, NULL, NULL),
(258, 'study_material', NULL, NULL, NULL, NULL, NULL, NULL, NULL, NULL, NULL, NULL, NULL, NULL, NULL, NULL, NULL, NULL, NULL, NULL, NULL, NULL, NULL),
(259, 'teacher_list', NULL, NULL, NULL, NULL, NULL, NULL, NULL, NULL, NULL, NULL, NULL, NULL, NULL, NULL, NULL, NULL, NULL, NULL, NULL, NULL, NULL),
(260, 'uploader', NULL, NULL, NULL, NULL, NULL, NULL, NULL, NULL, NULL, NULL, NULL, NULL, NULL, NULL, NULL, NULL, NULL, NULL, NULL, NULL, NULL),
(261, 'file', NULL, NULL, NULL, NULL, NULL, NULL, NULL, NULL, NULL, NULL, NULL, NULL, NULL, NULL, NULL, NULL, NULL, NULL, NULL, NULL, NULL),
(262, 'add_study_material', NULL, NULL, NULL, NULL, NULL, NULL, NULL, NULL, NULL, NULL, NULL, NULL, NULL, NULL, NULL, NULL, NULL, NULL, NULL, NULL, NULL),
(263, 'download', NULL, NULL, NULL, NULL, NULL, NULL, NULL, NULL, NULL, NULL, NULL, NULL, NULL, NULL, NULL, NULL, NULL, NULL, NULL, NULL, NULL),
(264, 'student id', NULL, NULL, NULL, NULL, NULL, NULL, NULL, NULL, NULL, NULL, NULL, NULL, NULL, NULL, NULL, NULL, NULL, NULL, NULL, NULL, NULL),
(265, 'Phone', NULL, NULL, NULL, NULL, NULL, NULL, NULL, NULL, NULL, NULL, NULL, NULL, NULL, NULL, NULL, NULL, NULL, NULL, NULL, NULL, NULL),
(266, 'Phone', NULL, NULL, NULL, NULL, NULL, NULL, NULL, NULL, NULL, NULL, NULL, NULL, NULL, NULL, NULL, NULL, NULL, NULL, NULL, NULL, NULL),
(267, 'Phone', NULL, NULL, NULL, NULL, NULL, NULL, NULL, NULL, NULL, NULL, NULL, NULL, NULL, NULL, NULL, NULL, NULL, NULL, NULL, NULL, NULL),
(268, 'manage_transport', NULL, NULL, NULL, NULL, NULL, NULL, NULL, NULL, NULL, NULL, NULL, NULL, NULL, NULL, NULL, NULL, NULL, NULL, NULL, NULL, NULL),
(269, 'transport_list', NULL, NULL, NULL, NULL, NULL, NULL, NULL, NULL, NULL, NULL, NULL, NULL, NULL, NULL, NULL, NULL, NULL, NULL, NULL, NULL, NULL),
(270, 'route_name', NULL, NULL, NULL, NULL, NULL, NULL, NULL, NULL, NULL, NULL, NULL, NULL, NULL, NULL, NULL, NULL, NULL, NULL, NULL, NULL, NULL),
(271, 'number_of_vehicle', NULL, NULL, NULL, NULL, NULL, NULL, NULL, NULL, NULL, NULL, NULL, NULL, NULL, NULL, NULL, NULL, NULL, NULL, NULL, NULL, NULL),
(272, 'route_fare', NULL, NULL, NULL, NULL, NULL, NULL, NULL, NULL, NULL, NULL, NULL, NULL, NULL, NULL, NULL, NULL, NULL, NULL, NULL, NULL, NULL),
(273, 'Phone', NULL, NULL, NULL, NULL, NULL, NULL, NULL, NULL, NULL, NULL, NULL, NULL, NULL, NULL, NULL, NULL, NULL, NULL, NULL, NULL, NULL),
(274, 'Phone', NULL, NULL, NULL, NULL, NULL, NULL, NULL, NULL, NULL, NULL, NULL, NULL, NULL, NULL, NULL, NULL, NULL, NULL, NULL, NULL, NULL),
(275, 'Phone', NULL, NULL, NULL, NULL, NULL, NULL, NULL, NULL, NULL, NULL, NULL, NULL, NULL, NULL, NULL, NULL, NULL, NULL, NULL, NULL, NULL),
(276, 'edit_subject', NULL, NULL, NULL, NULL, NULL, NULL, NULL, NULL, NULL, NULL, NULL, NULL, NULL, NULL, NULL, NULL, NULL, NULL, NULL, NULL, NULL),
(277, 'view_marksheet', NULL, NULL, NULL, NULL, NULL, NULL, NULL, NULL, NULL, NULL, NULL, NULL, NULL, NULL, NULL, NULL, NULL, NULL, NULL, NULL, NULL),
(278, 'marksheet_for', NULL, NULL, NULL, NULL, NULL, NULL, NULL, NULL, NULL, NULL, NULL, NULL, NULL, NULL, NULL, NULL, NULL, NULL, NULL, NULL, NULL),
(279, 'Average Score', NULL, NULL, NULL, NULL, NULL, NULL, NULL, NULL, NULL, NULL, NULL, NULL, NULL, NULL, NULL, NULL, NULL, NULL, NULL, NULL, NULL),
(280, 'print_mark_sheet', NULL, NULL, NULL, NULL, NULL, NULL, NULL, NULL, NULL, NULL, NULL, NULL, NULL, NULL, NULL, NULL, NULL, NULL, NULL, NULL, NULL),
(281, 'Phone', NULL, NULL, NULL, NULL, NULL, NULL, NULL, NULL, NULL, NULL, NULL, NULL, NULL, NULL, NULL, NULL, NULL, NULL, NULL, NULL, NULL),
(282, 'Phone', NULL, NULL, NULL, NULL, NULL, NULL, NULL, NULL, NULL, NULL, NULL, NULL, NULL, NULL, NULL, NULL, NULL, NULL, NULL, NULL, NULL),
(283, 'Phone', NULL, NULL, NULL, NULL, NULL, NULL, NULL, NULL, NULL, NULL, NULL, NULL, NULL, NULL, NULL, NULL, NULL, NULL, NULL, NULL, NULL),
(284, 'student_dashboard', NULL, NULL, NULL, NULL, NULL, NULL, NULL, NULL, NULL, NULL, NULL, NULL, NULL, NULL, NULL, NULL, NULL, NULL, NULL, NULL, NULL),
(285, 'class_routine', NULL, NULL, NULL, NULL, NULL, NULL, NULL, NULL, NULL, NULL, NULL, NULL, NULL, NULL, NULL, NULL, NULL, NULL, NULL, NULL, NULL),
(286, 'Phone', NULL, NULL, NULL, NULL, NULL, NULL, NULL, NULL, NULL, NULL, NULL, NULL, NULL, NULL, NULL, NULL, NULL, NULL, NULL, NULL, NULL),
(287, 'time_table', NULL, NULL, NULL, NULL, NULL, NULL, NULL, NULL, NULL, NULL, NULL, NULL, NULL, NULL, NULL, NULL, NULL, NULL, NULL, NULL, NULL),
(288, 'Name', NULL, NULL, NULL, NULL, NULL, NULL, NULL, NULL, NULL, NULL, NULL, NULL, NULL, NULL, NULL, NULL, NULL, NULL, NULL, NULL, NULL),
(289, 'password_mismatch', NULL, NULL, NULL, NULL, NULL, NULL, NULL, NULL, NULL, NULL, NULL, NULL, NULL, NULL, NULL, NULL, NULL, NULL, NULL, NULL, NULL),
(290, 'password_updated', NULL, NULL, NULL, NULL, NULL, NULL, NULL, NULL, NULL, NULL, NULL, NULL, NULL, NULL, NULL, NULL, NULL, NULL, NULL, NULL, NULL),
(291, 'Phone', NULL, NULL, NULL, NULL, NULL, NULL, NULL, NULL, NULL, NULL, NULL, NULL, NULL, NULL, NULL, NULL, NULL, NULL, NULL, NULL, NULL),
(292, 'Phone', NULL, NULL, NULL, NULL, NULL, NULL, NULL, NULL, NULL, NULL, NULL, NULL, NULL, NULL, NULL, NULL, NULL, NULL, NULL, NULL, NULL),
(293, 'parent_dashboard', NULL, NULL, NULL, NULL, NULL, NULL, NULL, NULL, NULL, NULL, NULL, NULL, NULL, NULL, NULL, NULL, NULL, NULL, NULL, NULL, NULL),
(294, 'exam_marks', NULL, NULL, NULL, NULL, NULL, NULL, NULL, NULL, NULL, NULL, NULL, NULL, NULL, NULL, NULL, NULL, NULL, NULL, NULL, NULL, NULL),
(295, 'Phone', NULL, NULL, NULL, NULL, NULL, NULL, NULL, NULL, NULL, NULL, NULL, NULL, NULL, NULL, NULL, NULL, NULL, NULL, NULL, NULL, NULL),
(296, 'total_mark', NULL, NULL, NULL, NULL, NULL, NULL, NULL, NULL, NULL, NULL, NULL, NULL, NULL, NULL, NULL, NULL, NULL, NULL, NULL, NULL, NULL),
(297, 'mark_obtained', NULL, NULL, NULL, NULL, NULL, NULL, NULL, NULL, NULL, NULL, NULL, NULL, NULL, NULL, NULL, NULL, NULL, NULL, NULL, NULL, NULL),
(298, 'Phone', NULL, NULL, NULL, NULL, NULL, NULL, NULL, NULL, NULL, NULL, NULL, NULL, NULL, NULL, NULL, NULL, NULL, NULL, NULL, NULL, NULL),
(299, 'Phone', NULL, NULL, NULL, NULL, NULL, NULL, NULL, NULL, NULL, NULL, NULL, NULL, NULL, NULL, NULL, NULL, NULL, NULL, NULL, NULL, NULL),
(300, 'reset_password', NULL, NULL, NULL, NULL, NULL, NULL, NULL, NULL, NULL, NULL, NULL, NULL, NULL, NULL, NULL, NULL, NULL, NULL, NULL, NULL, NULL),
(301, 'return_to_login_page', NULL, NULL, NULL, NULL, NULL, NULL, NULL, NULL, NULL, NULL, NULL, NULL, NULL, NULL, NULL, NULL, NULL, NULL, NULL, NULL, NULL),
(302, 'Phone', NULL, NULL, NULL, NULL, NULL, NULL, NULL, NULL, NULL, NULL, NULL, NULL, NULL, NULL, NULL, NULL, NULL, NULL, NULL, NULL, NULL),
(303, 'add_bulk_student', NULL, NULL, NULL, NULL, NULL, NULL, NULL, NULL, NULL, NULL, NULL, NULL, NULL, NULL, NULL, NULL, NULL, NULL, NULL, NULL, NULL),
(304, 'student_bulk_add_form', NULL, NULL, NULL, NULL, NULL, NULL, NULL, NULL, NULL, NULL, NULL, NULL, NULL, NULL, NULL, NULL, NULL, NULL, NULL, NULL, NULL),
(305, 'select_excel_file', NULL, NULL, NULL, NULL, NULL, NULL, NULL, NULL, NULL, NULL, NULL, NULL, NULL, NULL, NULL, NULL, NULL, NULL, NULL, NULL, NULL),
(306, 'upload_and_import', NULL, NULL, NULL, NULL, NULL, NULL, NULL, NULL, NULL, NULL, NULL, NULL, NULL, NULL, NULL, NULL, NULL, NULL, NULL, NULL, NULL),
(307, 'Register_your_school', NULL, NULL, NULL, NULL, NULL, NULL, NULL, NULL, NULL, NULL, NULL, NULL, NULL, NULL, NULL, NULL, NULL, NULL, NULL, NULL, NULL),
(308, 'Please enter attendance', NULL, NULL, NULL, NULL, NULL, NULL, NULL, NULL, NULL, NULL, NULL, NULL, NULL, NULL, NULL, NULL, NULL, NULL, NULL, NULL, NULL),
(309, 'Please enter student\'s conduct', NULL, NULL, NULL, NULL, NULL, NULL, NULL, NULL, NULL, NULL, NULL, NULL, NULL, NULL, NULL, NULL, NULL, NULL, NULL, NULL, NULL),
(310, 'Please enter student\'s interest', NULL, NULL, NULL, NULL, NULL, NULL, NULL, NULL, NULL, NULL, NULL, NULL, NULL, NULL, NULL, NULL, NULL, NULL, NULL, NULL, NULL),
(311, 'Please enter Headmaster\'s Remarks', NULL, NULL, NULL, NULL, NULL, NULL, NULL, NULL, NULL, NULL, NULL, NULL, NULL, NULL, NULL, NULL, NULL, NULL, NULL, NULL, NULL),
(312, 'print_report', NULL, NULL, NULL, NULL, NULL, NULL, NULL, NULL, NULL, NULL, NULL, NULL, NULL, NULL, NULL, NULL, NULL, NULL, NULL, NULL, NULL),
(313, 'theme_selected', NULL, NULL, NULL, NULL, NULL, NULL, NULL, NULL, NULL, NULL, NULL, NULL, NULL, NULL, NULL, NULL, NULL, NULL, NULL, NULL, NULL),
(314, 'Dormitory', NULL, NULL, NULL, NULL, NULL, NULL, NULL, NULL, NULL, NULL, NULL, NULL, NULL, NULL, NULL, NULL, NULL, NULL, NULL, NULL, NULL),
(315, 'Dormitory', NULL, NULL, NULL, NULL, NULL, NULL, NULL, NULL, NULL, NULL, NULL, NULL, NULL, NULL, NULL, NULL, NULL, NULL, NULL, NULL, NULL),
(316, 'school_inventory', NULL, NULL, NULL, NULL, NULL, NULL, NULL, NULL, NULL, NULL, NULL, NULL, NULL, NULL, NULL, NULL, NULL, NULL, NULL, NULL, NULL),
(317, 'add_new_item', NULL, NULL, NULL, NULL, NULL, NULL, NULL, NULL, NULL, NULL, NULL, NULL, NULL, NULL, NULL, NULL, NULL, NULL, NULL, NULL, NULL),
(318, 'quantity_stocked', NULL, NULL, NULL, NULL, NULL, NULL, NULL, NULL, NULL, NULL, NULL, NULL, NULL, NULL, NULL, NULL, NULL, NULL, NULL, NULL, NULL),
(319, 'last_stocked', NULL, NULL, NULL, NULL, NULL, NULL, NULL, NULL, NULL, NULL, NULL, NULL, NULL, NULL, NULL, NULL, NULL, NULL, NULL, NULL, NULL),
(320, 'current_quantity', NULL, NULL, NULL, NULL, NULL, NULL, NULL, NULL, NULL, NULL, NULL, NULL, NULL, NULL, NULL, NULL, NULL, NULL, NULL, NULL, NULL),
(321, 'unit', NULL, NULL, NULL, NULL, NULL, NULL, NULL, NULL, NULL, NULL, NULL, NULL, NULL, NULL, NULL, NULL, NULL, NULL, NULL, NULL, NULL),
(322, 'add_transport', NULL, NULL, NULL, NULL, NULL, NULL, NULL, NULL, NULL, NULL, NULL, NULL, NULL, NULL, NULL, NULL, NULL, NULL, NULL, NULL, NULL),
(323, 'send_marks', NULL, NULL, NULL, NULL, NULL, NULL, NULL, NULL, NULL, NULL, NULL, NULL, NULL, NULL, NULL, NULL, NULL, NULL, NULL, NULL, NULL),
(324, 'select_exam', NULL, NULL, NULL, NULL, NULL, NULL, NULL, NULL, NULL, NULL, NULL, NULL, NULL, NULL, NULL, NULL, NULL, NULL, NULL, NULL, NULL),
(325, 'select_receiver', NULL, NULL, NULL, NULL, NULL, NULL, NULL, NULL, NULL, NULL, NULL, NULL, NULL, NULL, NULL, NULL, NULL, NULL, NULL, NULL, NULL),
(326, 'Phone', NULL, NULL, NULL, NULL, NULL, NULL, NULL, NULL, NULL, NULL, NULL, NULL, NULL, NULL, NULL, NULL, NULL, NULL, NULL, NULL, NULL),
(327, 'Phone', NULL, NULL, NULL, NULL, NULL, NULL, NULL, NULL, NULL, NULL, NULL, NULL, NULL, NULL, NULL, NULL, NULL, NULL, NULL, NULL, NULL),
(328, 'Phone', NULL, NULL, NULL, NULL, NULL, NULL, NULL, NULL, NULL, NULL, NULL, NULL, NULL, NULL, NULL, NULL, NULL, NULL, NULL, NULL, NULL),
(329, 'Phone', NULL, NULL, NULL, NULL, NULL, NULL, NULL, NULL, NULL, NULL, NULL, NULL, NULL, NULL, NULL, NULL, NULL, NULL, NULL, NULL, NULL),
(330, 'Phone', NULL, NULL, NULL, NULL, NULL, NULL, NULL, NULL, NULL, NULL, NULL, NULL, NULL, NULL, NULL, NULL, NULL, NULL, NULL, NULL, NULL),
(331, 'Phone', NULL, NULL, NULL, NULL, NULL, NULL, NULL, NULL, NULL, NULL, NULL, NULL, NULL, NULL, NULL, NULL, NULL, NULL, NULL, NULL, NULL),
(332, 'select_all', NULL, NULL, NULL, NULL, NULL, NULL, NULL, NULL, NULL, NULL, NULL, NULL, NULL, NULL, NULL, NULL, NULL, NULL, NULL, NULL, NULL),
(333, 'select_none', NULL, NULL, NULL, NULL, NULL, NULL, NULL, NULL, NULL, NULL, NULL, NULL, NULL, NULL, NULL, NULL, NULL, NULL, NULL, NULL, NULL),
(334, 'edit_invoice', NULL, NULL, NULL, NULL, NULL, NULL, NULL, NULL, NULL, NULL, NULL, NULL, NULL, NULL, NULL, NULL, NULL, NULL, NULL, NULL, NULL),
(335, 'add_item', NULL, NULL, NULL, NULL, NULL, NULL, NULL, NULL, NULL, NULL, NULL, NULL, NULL, NULL, NULL, NULL, NULL, NULL, NULL, NULL, NULL),
(336, 'quantity', NULL, NULL, NULL, NULL, NULL, NULL, NULL, NULL, NULL, NULL, NULL, NULL, NULL, NULL, NULL, NULL, NULL, NULL, NULL, NULL, NULL),
(337, 'Unit', NULL, NULL, NULL, NULL, NULL, NULL, NULL, NULL, NULL, NULL, NULL, NULL, NULL, NULL, NULL, NULL, NULL, NULL, NULL, NULL, NULL),
(338, 'boxes', NULL, NULL, NULL, NULL, NULL, NULL, NULL, NULL, NULL, NULL, NULL, NULL, NULL, NULL, NULL, NULL, NULL, NULL, NULL, NULL, NULL),
(339, 'piecies', NULL, NULL, NULL, NULL, NULL, NULL, NULL, NULL, NULL, NULL, NULL, NULL, NULL, NULL, NULL, NULL, NULL, NULL, NULL, NULL, NULL),
(340, 'bags', NULL, NULL, NULL, NULL, NULL, NULL, NULL, NULL, NULL, NULL, NULL, NULL, NULL, NULL, NULL, NULL, NULL, NULL, NULL, NULL, NULL);
INSERT INTO `language` (`phrase_id`, `phrase`, `english`, `bengali`, `spanish`, `arabic`, `dutch`, `russian`, `chinese`, `turkish`, `portuguese`, `hungarian`, `french`, `greek`, `german`, `italian`, `thai`, `urdu`, `hindi`, `latin`, `indonesian`, `japanese`, `korean`) VALUES
(341, 'sacks', NULL, NULL, NULL, NULL, NULL, NULL, NULL, NULL, NULL, NULL, NULL, NULL, NULL, NULL, NULL, NULL, NULL, NULL, NULL, NULL, NULL),
(342, 'packets', NULL, NULL, NULL, NULL, NULL, NULL, NULL, NULL, NULL, NULL, NULL, NULL, NULL, NULL, NULL, NULL, NULL, NULL, NULL, NULL, NULL),
(343, 'gallons', NULL, NULL, NULL, NULL, NULL, NULL, NULL, NULL, NULL, NULL, NULL, NULL, NULL, NULL, NULL, NULL, NULL, NULL, NULL, NULL, NULL),
(344, 'update_stock', NULL, NULL, NULL, NULL, NULL, NULL, NULL, NULL, NULL, NULL, NULL, NULL, NULL, NULL, NULL, NULL, NULL, NULL, NULL, NULL, NULL),
(345, 'edit_item', NULL, NULL, NULL, NULL, NULL, NULL, NULL, NULL, NULL, NULL, NULL, NULL, NULL, NULL, NULL, NULL, NULL, NULL, NULL, NULL, NULL),
(346, 'Unit', NULL, NULL, NULL, NULL, NULL, NULL, NULL, NULL, NULL, NULL, NULL, NULL, NULL, NULL, NULL, NULL, NULL, NULL, NULL, NULL, NULL),
(347, 'action', NULL, NULL, NULL, NULL, NULL, NULL, NULL, NULL, NULL, NULL, NULL, NULL, NULL, NULL, NULL, NULL, NULL, NULL, NULL, NULL, NULL),
(348, 'add', NULL, NULL, NULL, NULL, NULL, NULL, NULL, NULL, NULL, NULL, NULL, NULL, NULL, NULL, NULL, NULL, NULL, NULL, NULL, NULL, NULL),
(349, 'reduce', NULL, NULL, NULL, NULL, NULL, NULL, NULL, NULL, NULL, NULL, NULL, NULL, NULL, NULL, NULL, NULL, NULL, NULL, NULL, NULL, NULL),
(350, 'Phone', NULL, NULL, NULL, NULL, NULL, NULL, NULL, NULL, NULL, NULL, NULL, NULL, NULL, NULL, NULL, NULL, NULL, NULL, NULL, NULL, NULL),
(351, 'Phone', NULL, NULL, NULL, NULL, NULL, NULL, NULL, NULL, NULL, NULL, NULL, NULL, NULL, NULL, NULL, NULL, NULL, NULL, NULL, NULL, NULL),
(352, 'Phone', NULL, NULL, NULL, NULL, NULL, NULL, NULL, NULL, NULL, NULL, NULL, NULL, NULL, NULL, NULL, NULL, NULL, NULL, NULL, NULL, NULL),
(353, 'add_new_expense_category', NULL, NULL, NULL, NULL, NULL, NULL, NULL, NULL, NULL, NULL, NULL, NULL, NULL, NULL, NULL, NULL, NULL, NULL, NULL, NULL, NULL),
(354, 'add_expense_category', NULL, NULL, NULL, NULL, NULL, NULL, NULL, NULL, NULL, NULL, NULL, NULL, NULL, NULL, NULL, NULL, NULL, NULL, NULL, NULL, NULL),
(355, 'edit_expense', NULL, NULL, NULL, NULL, NULL, NULL, NULL, NULL, NULL, NULL, NULL, NULL, NULL, NULL, NULL, NULL, NULL, NULL, NULL, NULL, NULL),
(356, 'add_expense', NULL, NULL, NULL, NULL, NULL, NULL, NULL, NULL, NULL, NULL, NULL, NULL, NULL, NULL, NULL, NULL, NULL, NULL, NULL, NULL, NULL),
(357, 'select_expense_category', NULL, NULL, NULL, NULL, NULL, NULL, NULL, NULL, NULL, NULL, NULL, NULL, NULL, NULL, NULL, NULL, NULL, NULL, NULL, NULL, NULL),
(358, 'select_a_service', NULL, NULL, NULL, NULL, NULL, NULL, NULL, NULL, NULL, NULL, NULL, NULL, NULL, NULL, NULL, NULL, NULL, NULL, NULL, NULL, NULL),
(359, 'not_selected', NULL, NULL, NULL, NULL, NULL, NULL, NULL, NULL, NULL, NULL, NULL, NULL, NULL, NULL, NULL, NULL, NULL, NULL, NULL, NULL, NULL),
(360, 'disabled', NULL, NULL, NULL, NULL, NULL, NULL, NULL, NULL, NULL, NULL, NULL, NULL, NULL, NULL, NULL, NULL, NULL, NULL, NULL, NULL, NULL),
(361, 'clickatell_username', NULL, NULL, NULL, NULL, NULL, NULL, NULL, NULL, NULL, NULL, NULL, NULL, NULL, NULL, NULL, NULL, NULL, NULL, NULL, NULL, NULL),
(362, 'clickatell_password', NULL, NULL, NULL, NULL, NULL, NULL, NULL, NULL, NULL, NULL, NULL, NULL, NULL, NULL, NULL, NULL, NULL, NULL, NULL, NULL, NULL),
(363, 'clickatell_api_id', NULL, NULL, NULL, NULL, NULL, NULL, NULL, NULL, NULL, NULL, NULL, NULL, NULL, NULL, NULL, NULL, NULL, NULL, NULL, NULL, NULL),
(364, 'twilio_account', NULL, NULL, NULL, NULL, NULL, NULL, NULL, NULL, NULL, NULL, NULL, NULL, NULL, NULL, NULL, NULL, NULL, NULL, NULL, NULL, NULL),
(365, 'authentication_token', NULL, NULL, NULL, NULL, NULL, NULL, NULL, NULL, NULL, NULL, NULL, NULL, NULL, NULL, NULL, NULL, NULL, NULL, NULL, NULL, NULL),
(366, 'registered_phone_number', NULL, NULL, NULL, NULL, NULL, NULL, NULL, NULL, NULL, NULL, NULL, NULL, NULL, NULL, NULL, NULL, NULL, NULL, NULL, NULL, NULL),
(367, 'Dormitory', NULL, NULL, NULL, NULL, NULL, NULL, NULL, NULL, NULL, NULL, NULL, NULL, NULL, NULL, NULL, NULL, NULL, NULL, NULL, NULL, NULL),
(368, 'Nurul-Tahiliya Islamic and Arabic School', NULL, NULL, NULL, NULL, NULL, NULL, NULL, NULL, NULL, NULL, NULL, NULL, NULL, NULL, NULL, NULL, NULL, NULL, NULL, NULL, NULL),
(369, 'Dormitory', NULL, NULL, NULL, NULL, NULL, NULL, NULL, NULL, NULL, NULL, NULL, NULL, NULL, NULL, NULL, NULL, NULL, NULL, NULL, NULL, NULL),
(370, 'Phone', NULL, NULL, NULL, NULL, NULL, NULL, NULL, NULL, NULL, NULL, NULL, NULL, NULL, NULL, NULL, NULL, NULL, NULL, NULL, NULL, NULL),
(371, 'time_table', NULL, NULL, NULL, NULL, NULL, NULL, NULL, NULL, NULL, NULL, NULL, NULL, NULL, NULL, NULL, NULL, NULL, NULL, NULL, NULL, NULL),
(372, 'Phone', NULL, NULL, NULL, NULL, NULL, NULL, NULL, NULL, NULL, NULL, NULL, NULL, NULL, NULL, NULL, NULL, NULL, NULL, NULL, NULL, NULL),
(373, 'current_session', NULL, NULL, NULL, NULL, NULL, NULL, NULL, NULL, NULL, NULL, NULL, NULL, NULL, NULL, NULL, NULL, NULL, NULL, NULL, NULL, NULL),
(374, 'promote_to_session', NULL, NULL, NULL, NULL, NULL, NULL, NULL, NULL, NULL, NULL, NULL, NULL, NULL, NULL, NULL, NULL, NULL, NULL, NULL, NULL, NULL),
(375, 'promotion_from_class', NULL, NULL, NULL, NULL, NULL, NULL, NULL, NULL, NULL, NULL, NULL, NULL, NULL, NULL, NULL, NULL, NULL, NULL, NULL, NULL, NULL),
(376, 'promotion_to_class', NULL, NULL, NULL, NULL, NULL, NULL, NULL, NULL, NULL, NULL, NULL, NULL, NULL, NULL, NULL, NULL, NULL, NULL, NULL, NULL, NULL),
(377, 'manage_promotion', NULL, NULL, NULL, NULL, NULL, NULL, NULL, NULL, NULL, NULL, NULL, NULL, NULL, NULL, NULL, NULL, NULL, NULL, NULL, NULL, NULL),
(378, 'select_class_for_promotion_to_and_from', NULL, NULL, NULL, NULL, NULL, NULL, NULL, NULL, NULL, NULL, NULL, NULL, NULL, NULL, NULL, NULL, NULL, NULL, NULL, NULL, NULL),
(379, 'Phone', NULL, NULL, NULL, NULL, NULL, NULL, NULL, NULL, NULL, NULL, NULL, NULL, NULL, NULL, NULL, NULL, NULL, NULL, NULL, NULL, NULL),
(380, 'add_academic_syllabus', NULL, NULL, NULL, NULL, NULL, NULL, NULL, NULL, NULL, NULL, NULL, NULL, NULL, NULL, NULL, NULL, NULL, NULL, NULL, NULL, NULL),
(381, 'upload_academic_syllabus', NULL, NULL, NULL, NULL, NULL, NULL, NULL, NULL, NULL, NULL, NULL, NULL, NULL, NULL, NULL, NULL, NULL, NULL, NULL, NULL, NULL),
(382, 'required', NULL, NULL, NULL, NULL, NULL, NULL, NULL, NULL, NULL, NULL, NULL, NULL, NULL, NULL, NULL, NULL, NULL, NULL, NULL, NULL, NULL),
(383, 'upload_syllabus', NULL, NULL, NULL, NULL, NULL, NULL, NULL, NULL, NULL, NULL, NULL, NULL, NULL, NULL, NULL, NULL, NULL, NULL, NULL, NULL, NULL),
(384, 'write_new_message', NULL, NULL, NULL, NULL, NULL, NULL, NULL, NULL, NULL, NULL, NULL, NULL, NULL, NULL, NULL, NULL, NULL, NULL, NULL, NULL, NULL),
(385, 'recipient', NULL, NULL, NULL, NULL, NULL, NULL, NULL, NULL, NULL, NULL, NULL, NULL, NULL, NULL, NULL, NULL, NULL, NULL, NULL, NULL, NULL),
(386, 'select_a_user', NULL, NULL, NULL, NULL, NULL, NULL, NULL, NULL, NULL, NULL, NULL, NULL, NULL, NULL, NULL, NULL, NULL, NULL, NULL, NULL, NULL),
(387, 'write_your_message', NULL, NULL, NULL, NULL, NULL, NULL, NULL, NULL, NULL, NULL, NULL, NULL, NULL, NULL, NULL, NULL, NULL, NULL, NULL, NULL, NULL),
(388, 'send', NULL, NULL, NULL, NULL, NULL, NULL, NULL, NULL, NULL, NULL, NULL, NULL, NULL, NULL, NULL, NULL, NULL, NULL, NULL, NULL, NULL),
(389, 'Dormitory', NULL, NULL, NULL, NULL, NULL, NULL, NULL, NULL, NULL, NULL, NULL, NULL, NULL, NULL, NULL, NULL, NULL, NULL, NULL, NULL, NULL),
(390, 'Dormitory', NULL, NULL, NULL, NULL, NULL, NULL, NULL, NULL, NULL, NULL, NULL, NULL, NULL, NULL, NULL, NULL, NULL, NULL, NULL, NULL, NULL);

-- --------------------------------------------------------

--
-- Table structure for table `mark`
--

CREATE TABLE `mark` (
  `mark_id` int(11) NOT NULL,
  `student_id` varchar(20) COLLATE utf8_unicode_ci NOT NULL,
  `subject_id` int(11) NOT NULL,
  `class_id` int(11) NOT NULL,
  `exam_id` int(11) NOT NULL,
  `exam_score` int(11) NOT NULL DEFAULT 0,
  `mark_total` int(11) NOT NULL DEFAULT 100,
  `position` int(11) DEFAULT NULL,
  `class_score` int(11) DEFAULT NULL,
  `mark_obtained` int(11) DEFAULT NULL,
  `attendance` int(11) DEFAULT NULL,
  `total_score` int(11) DEFAULT NULL,
  `section_id` int(11) DEFAULT NULL,
  `comment` longtext COLLATE utf8_unicode_ci DEFAULT NULL,
  `school_id` int(11) NOT NULL,
  `year` varchar(50) COLLATE utf8_unicode_ci NOT NULL
) ENGINE=InnoDB DEFAULT CHARSET=utf8 COLLATE=utf8_unicode_ci;

--
-- Dumping data for table `mark`
--

INSERT INTO `mark` (`mark_id`, `student_id`, `subject_id`, `class_id`, `exam_id`, `exam_score`, `mark_total`, `position`, `class_score`, `mark_obtained`, `attendance`, `total_score`, `section_id`, `comment`, `school_id`, `year`) VALUES
(1, '01/2018/001/1', 1, 1, 1, 60, 100, 0, 27, NULL, NULL, 87, 1, NULL, 1, '2016-2017'),
(2, '01/2018/001/1', 2, 1, 1, 61, 100, 0, 21, NULL, NULL, 82, 1, NULL, 1, '2016-2017'),
(3, '01/2018/001/2', 1, 1, 1, 70, 100, 0, 19, NULL, NULL, 89, 2, NULL, 1, '2016-2017'),
(4, '01/2018/001/2', 2, 1, 1, 69, 100, 0, 30, NULL, NULL, 99, 2, NULL, 1, '2016-2017');

-- --------------------------------------------------------

--
-- Table structure for table `message`
--

CREATE TABLE `message` (
  `message_id` int(11) NOT NULL,
  `message_thread_code` longtext NOT NULL,
  `message` longtext NOT NULL,
  `sender` longtext NOT NULL,
  `timestamp` longtext NOT NULL,
  `read_status` int(11) NOT NULL DEFAULT 0 COMMENT '0 unread 1 read'
) ENGINE=MyISAM DEFAULT CHARSET=latin1;

-- --------------------------------------------------------

--
-- Table structure for table `message_thread`
--

CREATE TABLE `message_thread` (
  `message_thread_id` int(11) NOT NULL,
  `message_thread_code` longtext COLLATE utf8_unicode_ci NOT NULL,
  `sender` longtext COLLATE utf8_unicode_ci NOT NULL,
  `reciever` longtext COLLATE utf8_unicode_ci NOT NULL,
  `last_message_timestamp` longtext COLLATE utf8_unicode_ci NOT NULL
) ENGINE=InnoDB DEFAULT CHARSET=utf8 COLLATE=utf8_unicode_ci;

-- --------------------------------------------------------

--
-- Table structure for table `noticeboard`
--

CREATE TABLE `noticeboard` (
  `notice_id` int(11) NOT NULL,
  `school_id` int(11) NOT NULL,
  `notice_title` longtext COLLATE utf8_unicode_ci NOT NULL,
  `notice` longtext COLLATE utf8_unicode_ci NOT NULL,
  `create_timestamp` int(11) NOT NULL,
  `status` int(2) NOT NULL
) ENGINE=MyISAM DEFAULT CHARSET=utf8 COLLATE=utf8_unicode_ci;

--
-- Dumping data for table `noticeboard`
--

INSERT INTO `noticeboard` (`notice_id`, `school_id`, `notice_title`, `notice`, `create_timestamp`, `status`) VALUES
(1, 1, 'Holiday', 'To all Teachers and Parents, Holiday on 13 july, 2018', 1531440000, 1);

-- --------------------------------------------------------

--
-- Table structure for table `parent`
--

CREATE TABLE `parent` (
  `parent_id` int(11) NOT NULL,
  `school_id` int(11) NOT NULL,
  `name` longtext COLLATE utf8_unicode_ci NOT NULL,
  `email` longtext COLLATE utf8_unicode_ci DEFAULT NULL,
  `password` longtext COLLATE utf8_unicode_ci DEFAULT NULL,
  `phone` longtext COLLATE utf8_unicode_ci NOT NULL,
  `address` longtext COLLATE utf8_unicode_ci NOT NULL,
  `profession` longtext COLLATE utf8_unicode_ci NOT NULL
) ENGINE=MyISAM DEFAULT CHARSET=utf8 COLLATE=utf8_unicode_ci;

--
-- Dumping data for table `parent`
--

INSERT INTO `parent` (`parent_id`, `school_id`, `name`, `email`, `password`, `phone`, `address`, `profession`) VALUES
(1, 1, 'Shayyibu Abukari', NULL, NULL, '0029288288288', 'Jakarayili jk2281, Tamale', 'Lawyer');

-- --------------------------------------------------------

--
-- Table structure for table `payment`
--

CREATE TABLE `payment` (
  `payment_id` int(11) NOT NULL,
  `school_id` int(11) NOT NULL,
  `title` longtext COLLATE utf8_unicode_ci NOT NULL,
  `expense_category_id` int(11) DEFAULT NULL,
  `payment_type` longtext COLLATE utf8_unicode_ci NOT NULL,
  `invoice_id` int(11) NOT NULL DEFAULT 0,
  `student_id` varchar(20) COLLATE utf8_unicode_ci NOT NULL DEFAULT '0',
  `method` longtext COLLATE utf8_unicode_ci NOT NULL,
  `description` longtext COLLATE utf8_unicode_ci NOT NULL,
  `amount` longtext COLLATE utf8_unicode_ci NOT NULL,
  `timestamp` longtext COLLATE utf8_unicode_ci NOT NULL,
  `year` varchar(50) COLLATE utf8_unicode_ci NOT NULL
) ENGINE=MyISAM DEFAULT CHARSET=utf8 COLLATE=utf8_unicode_ci;

--
-- Dumping data for table `payment`
--

INSERT INTO `payment` (`payment_id`, `school_id`, `title`, `expense_category_id`, `payment_type`, `invoice_id`, `student_id`, `method`, `description`, `amount`, `timestamp`, `year`) VALUES
(43, 1, 'School Fee', NULL, 'income', 2, '01/2018/001/2', '1', '2016/2017 Academic year', '50', '1598479200', '2016-2017'),
(42, 1, 'School FEE', NULL, 'income', 2, '01/2018/001/2', '1', '2016/2017 Academic year', '50.00', '1570312800', '2016-2017'),
(41, 1, '2016/2017 exam first term', 1, 'expense', 0, '0', '1', '2016/2017 exam first term', '3500.00', '1570140000', ''),
(39, 1, 'School FEE', NULL, 'income', 2, '01/2018/001/2', '1', '2016/2017 Academic year', '0.00', '1570140000', '2016-2017'),
(40, 1, 'School FEE', NULL, 'income', 2, '01/2018/001/2', '1', '2016/2017 Academic year', '200.00', '1570140000', '2016-2017');

-- --------------------------------------------------------

--
-- Table structure for table `section`
--

CREATE TABLE `section` (
  `section_id` int(11) NOT NULL,
  `name` longtext COLLATE utf8_unicode_ci NOT NULL,
  `nick_name` longtext COLLATE utf8_unicode_ci NOT NULL,
  `class_id` int(11) NOT NULL,
  `teacher_id` int(11) NOT NULL,
  `school_id` int(11) NOT NULL
) ENGINE=InnoDB DEFAULT CHARSET=utf8 COLLATE=utf8_unicode_ci;

--
-- Dumping data for table `section`
--

INSERT INTO `section` (`section_id`, `name`, `nick_name`, `class_id`, `teacher_id`, `school_id`) VALUES
(1, 'Section \'A\'', 'A', 1, 1, 1),
(2, 'Section \'B\'', 'B', 1, 1, 1),
(3, 'Section \'A\'', 'A', 2, 3, 1),
(4, 'Section \'B\'', 'B', 2, 3, 1);

-- --------------------------------------------------------

--
-- Table structure for table `settings`
--

CREATE TABLE `settings` (
  `settings_id` int(11) NOT NULL,
  `type` longtext CHARACTER SET utf8 COLLATE utf8_unicode_ci NOT NULL,
  `description` longtext CHARACTER SET utf8 COLLATE utf8_unicode_ci NOT NULL
) ENGINE=MyISAM DEFAULT CHARSET=latin1;

-- --------------------------------------------------------

--
-- Table structure for table `student`
--

CREATE TABLE `student` (
  `id` int(11) NOT NULL,
  `student_id` varchar(30) COLLATE utf8_unicode_ci NOT NULL,
  `school_id` int(11) NOT NULL,
  `name` longtext COLLATE utf8_unicode_ci NOT NULL,
  `birthday` longtext COLLATE utf8_unicode_ci NOT NULL,
  `sex` longtext COLLATE utf8_unicode_ci NOT NULL,
  `address` longtext COLLATE utf8_unicode_ci NOT NULL,
  `phone` longtext COLLATE utf8_unicode_ci NOT NULL,
  `email` longtext COLLATE utf8_unicode_ci DEFAULT NULL,
  `password` longtext COLLATE utf8_unicode_ci DEFAULT NULL,
  `class_id` longtext COLLATE utf8_unicode_ci NOT NULL,
  `parent_id` int(11) DEFAULT 0,
  `section_id` int(11) DEFAULT NULL,
  `roll` longtext COLLATE utf8_unicode_ci NOT NULL,
  `date_added` varchar(100) COLLATE utf8_unicode_ci DEFAULT NULL,
  `dormitory_id` int(11) DEFAULT NULL
) ENGINE=InnoDB DEFAULT CHARSET=utf8 COLLATE=utf8_unicode_ci;

--
-- Dumping data for table `student`
--

INSERT INTO `student` (`id`, `student_id`, `school_id`, `name`, `birthday`, `sex`, `address`, `phone`, `email`, `password`, `class_id`, `parent_id`, `section_id`, `roll`, `date_added`, `dormitory_id`) VALUES
(1, '01/2018/001/1', 1, 'Mumin Hardi', '05/10/1993', 'male', 'Jakarayili jk2281, Tamale', '0249907555', 'student1@gmail.com', NULL, '1', 1, 1, '0', NULL, NULL),
(2, '01/2018/001/2', 1, 'Adama Tankpa', '06/09/1993', 'female', 'Hospital Rd Tamale', '+23300299200', NULL, NULL, '1', 1, 2, '0', NULL, NULL);

-- --------------------------------------------------------

--
-- Table structure for table `subject`
--

CREATE TABLE `subject` (
  `subject_id` int(11) NOT NULL,
  `school_id` int(11) NOT NULL,
  `name` longtext COLLATE utf8_unicode_ci NOT NULL,
  `class_id` int(11) NOT NULL,
  `teacher_id` int(11) DEFAULT NULL,
  `year` varchar(50) COLLATE utf8_unicode_ci DEFAULT NULL
) ENGINE=InnoDB DEFAULT CHARSET=utf8 COLLATE=utf8_unicode_ci;

--
-- Dumping data for table `subject`
--

INSERT INTO `subject` (`subject_id`, `school_id`, `name`, `class_id`, `teacher_id`, `year`) VALUES
(1, 1, 'Mathematics', 1, 1, NULL),
(2, 1, 'English', 1, 3, NULL);

-- --------------------------------------------------------

--
-- Table structure for table `s_settings`
--

CREATE TABLE `s_settings` (
  `id` int(11) NOT NULL,
  `system_name` varchar(255) COLLATE utf8_unicode_ci NOT NULL,
  `system_title` varchar(255) COLLATE utf8_unicode_ci NOT NULL,
  `address` varchar(255) COLLATE utf8_unicode_ci NOT NULL,
  `phone` varchar(20) COLLATE utf8_unicode_ci NOT NULL,
  `paypal_email` varchar(100) COLLATE utf8_unicode_ci NOT NULL,
  `currency` varchar(10) COLLATE utf8_unicode_ci NOT NULL,
  `system_email` varchar(100) COLLATE utf8_unicode_ci NOT NULL,
  `active_sms_service` enum('disabled','enabled') COLLATE utf8_unicode_ci NOT NULL DEFAULT 'disabled',
  `language` varchar(100) COLLATE utf8_unicode_ci NOT NULL,
  `text_align` enum('left-to-right','right-to-left') COLLATE utf8_unicode_ci NOT NULL,
  `skin_colour` varchar(10) COLLATE utf8_unicode_ci NOT NULL DEFAULT 'default',
  `subscription` enum('active','disabled') COLLATE utf8_unicode_ci NOT NULL DEFAULT 'disabled',
  `running_year` varchar(100) COLLATE utf8_unicode_ci DEFAULT NULL
) ENGINE=InnoDB DEFAULT CHARSET=utf8 COLLATE=utf8_unicode_ci;

--
-- Dumping data for table `s_settings`
--

INSERT INTO `s_settings` (`id`, `system_name`, `system_title`, `address`, `phone`, `paypal_email`, `currency`, `system_email`, `active_sms_service`, `language`, `text_align`, `skin_colour`, `subscription`, `running_year`) VALUES
(1, 'Central international', 'Central International School Complex', 'Tamale-Salaga rd, vittin v1123,Tamale', '0249907223', '', 'GHS', 'awalsule001@yahoo.com', 'disabled', 'english', 'left-to-right', 'green', 'active', '2016-2017'),
(2, 'Nurul-Tahiliya Islamic and Arabic School', 'Nurul-Tahiliya', 'Kukuo ku 00, Hospital Road, Adjecent Presec', '0246655828', '', 'GHS', 'awalsule001@gmail.com', 'disabled', 'english', 'left-to-right', 'green', 'active', '2019-2020');

-- --------------------------------------------------------

--
-- Table structure for table `teacher`
--

CREATE TABLE `teacher` (
  `teacher_id` int(11) NOT NULL,
  `school_id` int(11) NOT NULL,
  `name` longtext COLLATE utf8_unicode_ci NOT NULL,
  `birthday` longtext COLLATE utf8_unicode_ci NOT NULL,
  `sex` longtext COLLATE utf8_unicode_ci NOT NULL,
  `religion` longtext COLLATE utf8_unicode_ci DEFAULT NULL,
  `blood_group` longtext COLLATE utf8_unicode_ci DEFAULT NULL,
  `address` longtext COLLATE utf8_unicode_ci NOT NULL,
  `phone` longtext COLLATE utf8_unicode_ci NOT NULL,
  `email` longtext COLLATE utf8_unicode_ci DEFAULT NULL,
  `password` longtext COLLATE utf8_unicode_ci DEFAULT NULL
) ENGINE=InnoDB DEFAULT CHARSET=utf8 COLLATE=utf8_unicode_ci;

--
-- Dumping data for table `teacher`
--

INSERT INTO `teacher` (`teacher_id`, `school_id`, `name`, `birthday`, `sex`, `religion`, `blood_group`, `address`, `phone`, `email`, `password`) VALUES
(1, 1, 'Amadu Zaidan', '02/01/1990', 'male', NULL, NULL, 'Jakarayili jk2281, Tamale', '0029288288288', NULL, NULL),
(3, 1, 'Alidu Abdul-Razak', '07/10/1990', 'male', NULL, NULL, 'Tamale-Salaga rd, vittin v1123,Tamale', '0249907555', NULL, NULL);

-- --------------------------------------------------------

--
-- Table structure for table `transport`
--

CREATE TABLE `transport` (
  `transport_id` int(11) NOT NULL,
  `school_id` int(11) NOT NULL,
  `route_name` longtext COLLATE utf8_unicode_ci NOT NULL,
  `number_of_vehicle` longtext COLLATE utf8_unicode_ci NOT NULL,
  `description` longtext COLLATE utf8_unicode_ci NOT NULL,
  `route_fare` longtext COLLATE utf8_unicode_ci NOT NULL
) ENGINE=MyISAM DEFAULT CHARSET=utf8 COLLATE=utf8_unicode_ci;

--
-- Indexes for dumped tables
--

--
-- Indexes for table `academic_syllabus`
--
ALTER TABLE `academic_syllabus`
  ADD PRIMARY KEY (`academic_syllabus_id`);

--
-- Indexes for table `admin`
--
ALTER TABLE `admin`
  ADD PRIMARY KEY (`admin_id`),
  ADD KEY `admin_school_id` (`school_id`);

--
-- Indexes for table `attendance`
--
ALTER TABLE `attendance`
  ADD PRIMARY KEY (`attendance_id`);

--
-- Indexes for table `book`
--
ALTER TABLE `book`
  ADD PRIMARY KEY (`book_id`),
  ADD KEY `book_school_id` (`school_id`);

--
-- Indexes for table `ci_sessions`
--
ALTER TABLE `ci_sessions`
  ADD PRIMARY KEY (`id`),
  ADD KEY `ci_sessions_timestamp` (`timestamp`);

--
-- Indexes for table `class`
--
ALTER TABLE `class`
  ADD PRIMARY KEY (`class_id`),
  ADD KEY `class_school_id` (`school_id`);

--
-- Indexes for table `class_routine`
--
ALTER TABLE `class_routine`
  ADD PRIMARY KEY (`class_routine_id`),
  ADD KEY `class_routine_school_id` (`school_id`);

--
-- Indexes for table `credentials`
--
ALTER TABLE `credentials`
  ADD PRIMARY KEY (`id`),
  ADD KEY `school_id_index` (`school_id`),
  ADD KEY `user_id_index` (`user_id`);

--
-- Indexes for table `document`
--
ALTER TABLE `document`
  ADD PRIMARY KEY (`document_id`),
  ADD KEY `document_school_id` (`school_id`);

--
-- Indexes for table `dormitory`
--
ALTER TABLE `dormitory`
  ADD PRIMARY KEY (`dormitory_id`),
  ADD KEY `dometry_school_id` (`school_id`);

--
-- Indexes for table `enroll`
--
ALTER TABLE `enroll`
  ADD PRIMARY KEY (`enroll_id`);

--
-- Indexes for table `exam`
--
ALTER TABLE `exam`
  ADD PRIMARY KEY (`exam_id`),
  ADD KEY `exam_school_id` (`school_id`);

--
-- Indexes for table `expense_category`
--
ALTER TABLE `expense_category`
  ADD PRIMARY KEY (`expense_category_id`);

--
-- Indexes for table `grade`
--
ALTER TABLE `grade`
  ADD PRIMARY KEY (`grade_id`),
  ADD KEY `grade_school_id` (`school_id`);

--
-- Indexes for table `inventory`
--
ALTER TABLE `inventory`
  ADD PRIMARY KEY (`id`),
  ADD KEY `inventory_school_id` (`school_id`);

--
-- Indexes for table `inventory_quantities`
--
ALTER TABLE `inventory_quantities`
  ADD PRIMARY KEY (`id`),
  ADD KEY `item_id_index` (`item_id`) USING BTREE;

--
-- Indexes for table `invoice`
--
ALTER TABLE `invoice`
  ADD PRIMARY KEY (`invoice_id`),
  ADD KEY `invoice_school_id` (`school_id`);

--
-- Indexes for table `language`
--
ALTER TABLE `language`
  ADD PRIMARY KEY (`phrase_id`);

--
-- Indexes for table `mark`
--
ALTER TABLE `mark`
  ADD PRIMARY KEY (`mark_id`);

--
-- Indexes for table `message`
--
ALTER TABLE `message`
  ADD PRIMARY KEY (`message_id`);

--
-- Indexes for table `message_thread`
--
ALTER TABLE `message_thread`
  ADD PRIMARY KEY (`message_thread_id`);

--
-- Indexes for table `noticeboard`
--
ALTER TABLE `noticeboard`
  ADD PRIMARY KEY (`notice_id`),
  ADD KEY `noticeboard_school_id` (`school_id`);

--
-- Indexes for table `parent`
--
ALTER TABLE `parent`
  ADD PRIMARY KEY (`parent_id`),
  ADD KEY `parent_student_id` (`school_id`);

--
-- Indexes for table `payment`
--
ALTER TABLE `payment`
  ADD PRIMARY KEY (`payment_id`),
  ADD KEY `payment_school_id` (`school_id`);

--
-- Indexes for table `section`
--
ALTER TABLE `section`
  ADD PRIMARY KEY (`section_id`),
  ADD KEY `section_school_id` (`school_id`);

--
-- Indexes for table `settings`
--
ALTER TABLE `settings`
  ADD PRIMARY KEY (`settings_id`);

--
-- Indexes for table `student`
--
ALTER TABLE `student`
  ADD PRIMARY KEY (`id`),
  ADD KEY `student_school_id` (`school_id`),
  ADD KEY `student_id` (`student_id`);

--
-- Indexes for table `subject`
--
ALTER TABLE `subject`
  ADD PRIMARY KEY (`subject_id`),
  ADD KEY `subject_school_id` (`school_id`);

--
-- Indexes for table `s_settings`
--
ALTER TABLE `s_settings`
  ADD PRIMARY KEY (`id`);

--
-- Indexes for table `teacher`
--
ALTER TABLE `teacher`
  ADD PRIMARY KEY (`teacher_id`),
  ADD KEY `teacher_student_id` (`school_id`);

--
-- Indexes for table `transport`
--
ALTER TABLE `transport`
  ADD PRIMARY KEY (`transport_id`),
  ADD KEY `transport_school_id` (`school_id`);

--
-- AUTO_INCREMENT for dumped tables
--

--
-- AUTO_INCREMENT for table `academic_syllabus`
--
ALTER TABLE `academic_syllabus`
  MODIFY `academic_syllabus_id` int(11) NOT NULL AUTO_INCREMENT;

--
-- AUTO_INCREMENT for table `admin`
--
ALTER TABLE `admin`
  MODIFY `admin_id` int(11) NOT NULL AUTO_INCREMENT, AUTO_INCREMENT=10;

--
-- AUTO_INCREMENT for table `attendance`
--
ALTER TABLE `attendance`
  MODIFY `attendance_id` int(11) NOT NULL AUTO_INCREMENT, AUTO_INCREMENT=7;

--
-- AUTO_INCREMENT for table `book`
--
ALTER TABLE `book`
  MODIFY `book_id` int(11) NOT NULL AUTO_INCREMENT;

--
-- AUTO_INCREMENT for table `class`
--
ALTER TABLE `class`
  MODIFY `class_id` int(11) NOT NULL AUTO_INCREMENT, AUTO_INCREMENT=3;

--
-- AUTO_INCREMENT for table `class_routine`
--
ALTER TABLE `class_routine`
  MODIFY `class_routine_id` int(11) NOT NULL AUTO_INCREMENT, AUTO_INCREMENT=6;

--
-- AUTO_INCREMENT for table `credentials`
--
ALTER TABLE `credentials`
  MODIFY `id` int(11) NOT NULL AUTO_INCREMENT, AUTO_INCREMENT=10;

--
-- AUTO_INCREMENT for table `document`
--
ALTER TABLE `document`
  MODIFY `document_id` int(11) NOT NULL AUTO_INCREMENT;

--
-- AUTO_INCREMENT for table `dormitory`
--
ALTER TABLE `dormitory`
  MODIFY `dormitory_id` int(11) NOT NULL AUTO_INCREMENT;

--
-- AUTO_INCREMENT for table `enroll`
--
ALTER TABLE `enroll`
  MODIFY `enroll_id` int(11) NOT NULL AUTO_INCREMENT, AUTO_INCREMENT=3;

--
-- AUTO_INCREMENT for table `exam`
--
ALTER TABLE `exam`
  MODIFY `exam_id` int(11) NOT NULL AUTO_INCREMENT, AUTO_INCREMENT=3;

--
-- AUTO_INCREMENT for table `expense_category`
--
ALTER TABLE `expense_category`
  MODIFY `expense_category_id` int(11) NOT NULL AUTO_INCREMENT, AUTO_INCREMENT=2;

--
-- AUTO_INCREMENT for table `grade`
--
ALTER TABLE `grade`
  MODIFY `grade_id` int(11) NOT NULL AUTO_INCREMENT, AUTO_INCREMENT=5;

--
-- AUTO_INCREMENT for table `inventory`
--
ALTER TABLE `inventory`
  MODIFY `id` int(11) NOT NULL AUTO_INCREMENT, AUTO_INCREMENT=2;

--
-- AUTO_INCREMENT for table `inventory_quantities`
--
ALTER TABLE `inventory_quantities`
  MODIFY `id` int(11) NOT NULL AUTO_INCREMENT;

--
-- AUTO_INCREMENT for table `invoice`
--
ALTER TABLE `invoice`
  MODIFY `invoice_id` int(11) NOT NULL AUTO_INCREMENT, AUTO_INCREMENT=3;

--
-- AUTO_INCREMENT for table `language`
--
ALTER TABLE `language`
  MODIFY `phrase_id` int(11) NOT NULL AUTO_INCREMENT, AUTO_INCREMENT=391;

--
-- AUTO_INCREMENT for table `mark`
--
ALTER TABLE `mark`
  MODIFY `mark_id` int(11) NOT NULL AUTO_INCREMENT, AUTO_INCREMENT=5;

--
-- AUTO_INCREMENT for table `message`
--
ALTER TABLE `message`
  MODIFY `message_id` int(11) NOT NULL AUTO_INCREMENT;

--
-- AUTO_INCREMENT for table `message_thread`
--
ALTER TABLE `message_thread`
  MODIFY `message_thread_id` int(11) NOT NULL AUTO_INCREMENT;

--
-- AUTO_INCREMENT for table `noticeboard`
--
ALTER TABLE `noticeboard`
  MODIFY `notice_id` int(11) NOT NULL AUTO_INCREMENT, AUTO_INCREMENT=2;

--
-- AUTO_INCREMENT for table `parent`
--
ALTER TABLE `parent`
  MODIFY `parent_id` int(11) NOT NULL AUTO_INCREMENT, AUTO_INCREMENT=2;

--
-- AUTO_INCREMENT for table `payment`
--
ALTER TABLE `payment`
  MODIFY `payment_id` int(11) NOT NULL AUTO_INCREMENT, AUTO_INCREMENT=44;

--
-- AUTO_INCREMENT for table `section`
--
ALTER TABLE `section`
  MODIFY `section_id` int(11) NOT NULL AUTO_INCREMENT, AUTO_INCREMENT=5;

--
-- AUTO_INCREMENT for table `settings`
--
ALTER TABLE `settings`
  MODIFY `settings_id` int(11) NOT NULL AUTO_INCREMENT;

--
-- AUTO_INCREMENT for table `student`
--
ALTER TABLE `student`
  MODIFY `id` int(11) NOT NULL AUTO_INCREMENT, AUTO_INCREMENT=3;

--
-- AUTO_INCREMENT for table `subject`
--
ALTER TABLE `subject`
  MODIFY `subject_id` int(11) NOT NULL AUTO_INCREMENT, AUTO_INCREMENT=3;

--
-- AUTO_INCREMENT for table `s_settings`
--
ALTER TABLE `s_settings`
  MODIFY `id` int(11) NOT NULL AUTO_INCREMENT, AUTO_INCREMENT=3;

--
-- AUTO_INCREMENT for table `teacher`
--
ALTER TABLE `teacher`
  MODIFY `teacher_id` int(11) NOT NULL AUTO_INCREMENT, AUTO_INCREMENT=4;

--
-- AUTO_INCREMENT for table `transport`
--
ALTER TABLE `transport`
  MODIFY `transport_id` int(11) NOT NULL AUTO_INCREMENT;

--
-- Constraints for dumped tables
--

--
-- Constraints for table `admin`
--
ALTER TABLE `admin`
  ADD CONSTRAINT `admin_school_id_fk` FOREIGN KEY (`school_id`) REFERENCES `s_settings` (`id`) ON UPDATE CASCADE;

--
-- Constraints for table `inventory_quantities`
--
ALTER TABLE `inventory_quantities`
  ADD CONSTRAINT `quantity_inventory_fk` FOREIGN KEY (`item_id`) REFERENCES `inventory` (`id`) ON UPDATE CASCADE;
COMMIT;

/*!40101 SET CHARACTER_SET_CLIENT=@OLD_CHARACTER_SET_CLIENT */;
/*!40101 SET CHARACTER_SET_RESULTS=@OLD_CHARACTER_SET_RESULTS */;
/*!40101 SET COLLATION_CONNECTION=@OLD_COLLATION_CONNECTION */;
